prompt_id,category,method,target_ratio,actual_ratio,tcr,original_tokens,compressed_tokens,compression_latency_s,original_text,compressed_text,output_original,output_compressed,llm_cost_usd,llm_latency_s,prompt_bertscore_f1,output_bertscore_f1
inst-001,instruction,no_op,1.0,1.0,0.0,24,24,0.0,اشرح مفهوم الذكاء الاصطناعي بأسلوب بسيط مناسب لطالب في المرحلة الثانوية، مع ذكر ثلاثة أمثلة من الحياة اليومية، وتجنب المصطلحات التقنية المعقدة قدر الإمكان.,اشرح مفهوم الذكاء الاصطناعي بأسلوب بسيط مناسب لطالب في المرحلة الثانوية، مع ذكر ثلاثة أمثلة من الحياة اليومية، وتجنب المصطلحات التقنية المعقدة قدر الإمكان.,"الذكاء الاصطناعي هو فرع من علوم الكمبيوتر يهدف إلى جعل الآلات قادرة على التفكير والتعلم مثل البشر. يعني ذلك أن الكمبيوترات والبرامج يمكن أن تتعلم من التجارب، وتفهم المعلومات، وتقوم بمهام معينة دون الحاجة إلى توجيه مباشر من الإنسان.

لنفهم هذا المفهوم بشكل أفضل، دعنا نلقي نظرة على ثلاثة أمثلة من حياتنا اليومية:

1. **المساعدات الصوتية**: مثل ""سيري"" أو ""أليكسا"". هذه البرامج يمكنها فهم ما تقوله وتقديم المساعدة. يمكنك أن تسألها عن الطقس، أو تطلب منها تشغيل موسيقى، أو حتى ضبط منبه. هي تتعلم من تفاعلاتك معها لتحسين استجابتها في المستقبل.

2. **توصيات الأفلام والموسيقى**: عندما تستخدم منصات مثل ""نتفليكس"" أو ""سبوتيفاي""، فإنها تقترح عليك أفلامًا أو أغاني بناءً على ما شاهدته أو استمعت إليه سابقًا. هذا يحدث بفضل الذكاء الاصطناعي الذي يحلل تفضيلاتك ويساعد في تقديم محتوى يناسب ذوقك.

3. **تطبيقات الترجمة**: مثل ""جوجل ترانسليت"". هذه التطبيقات يمكنها ترجمة النصوص من لغة إلى أخرى. مع مرور الوقت، تتعلم هذه التطبيقات من الأخطاء والتصحيحات التي يقوم بها المستخدمون، مما يجعل الترجمة أكثر دقة.

باختصار، الذكاء الاصطناعي هو طريقة لجعل الآلات أكثر ذكاءً وقدرة على مساعدتنا في حياتنا اليومية، مما يسهل علينا القيام بالعديد من المهام.","الذكاء الاصطناعي هو فرع من علوم الكمبيوتر يهدف إلى جعل الآلات قادرة على التفكير والتعلم مثل البشر. يعني ذلك أن هذه الآلات يمكنها معالجة المعلومات، اتخاذ القرارات، والتفاعل مع البيئة بطريقة تشبه الطريقة التي يتفاعل بها الإنسان.

لنفهم هذا المفهوم بشكل أفضل، دعنا نلقي نظرة على ثلاثة أمثلة من حياتنا اليومية:

1. **المساعدات الصوتية**: مثل ""سيري"" أو ""أليكسا""، هذه التطبيقات يمكنها فهم ما تقوله وتقديم المساعدة. يمكنك أن تسألها عن حالة الطقس، أو أن تطلب منها تشغيل موسيقى معينة، وهي ستقوم بذلك. هذا يظهر كيف يمكن للآلة أن تفهم اللغة وتستجيب لها.

2. **توصيات الأفلام والموسيقى**: عندما تستخدم منصات مثل ""نتفليكس"" أو ""سبوتيفاي""، فإنها تقترح عليك أفلامًا أو أغاني بناءً على ما شاهدته أو استمعت إليه سابقًا. هذا يعتمد على الذكاء الاصطناعي الذي يحلل تفضيلاتك ويقترح لك ما قد يعجبك.

3. **تطبيقات الترجمة**: مثل ""جوجل ترانسليت""، هذه التطبيقات يمكنها ترجمة النصوص من لغة إلى أخرى. عندما تكتب جملة بلغة معينة، يقوم الذكاء الاصطناعي بتحليلها ويعطيك الترجمة الصحيحة بلغة أخرى. هذا يساعد الناس على التواصل مع بعضهم البعض رغم اختلاف اللغات.

باختصار، الذكاء الاصطناعي هو طريقة لجعل الآلات أكثر ذكاءً وقدرة على مساعدتنا في حياتنا اليومية، مما يجعل الأمور أسهل وأكثر فعالية.",0.000444,12.037,1.0,0.9173
inst-001,instruction,random_deletion,0.5,0.5,0.5,24,12,0.0,اشرح مفهوم الذكاء الاصطناعي بأسلوب بسيط مناسب لطالب في المرحلة الثانوية، مع ذكر ثلاثة أمثلة من الحياة اليومية، وتجنب المصطلحات التقنية المعقدة قدر الإمكان.,اشرح الذكاء الاصطناعي بأسلوب مناسب لطالب في المرحلة المصطلحات التقنية المعقدة قدر,"الذكاء الاصطناعي هو فرع من علوم الكمبيوتر يهدف إلى جعل الآلات قادرة على التفكير والتعلم مثل البشر. يعني ذلك أن هذه الآلات يمكنها معالجة المعلومات، اتخاذ القرارات، والتفاعل مع البيئة بطريقة تشبه الطريقة التي يتفاعل بها الإنسان.

إليك ثلاثة أمثلة من الحياة اليومية توضح لك كيف نستخدم الذكاء الاصطناعي:

1. **المساعدات الصوتية**: مثل ""سيري"" أو ""أليكسا""، هذه التطبيقات يمكنها فهم الأوامر الصوتية التي تعطيها لها. يمكنك أن تسألها عن حالة الطقس، أو أن تطلب منها تشغيل موسيقى معينة، وهي ستقوم بذلك. هذا يظهر كيف يمكن للآلة أن تفهم اللغة وتستجيب لها.

2. **توصيات الأفلام والموسيقى**: عندما تستخدم منصات مثل ""نتفليكس"" أو ""سبوتيفاي""، فإنها تقترح عليك أفلامًا أو أغاني بناءً على ما شاهدته أو استمعت إليه سابقًا. هذا يعتمد على الذكاء الاصطناعي الذي يحلل تفضيلاتك ويقارنها مع تفضيلات الآخرين ليقدم لك اقتراحات تناسب ذوقك.

3. **السيارات ذاتية القيادة**: بعض السيارات الحديثة تحتوي على تقنيات تجعلها قادرة على القيادة بدون تدخل بشري. تستخدم هذه السيارات حساسات وكاميرات لجمع المعلومات عن الطريق، وتستخدم الذكاء الاصطناعي لتحليل هذه المعلومات واتخاذ القرارات مثل التوقف عند الإشارات أو تغيير المسار.

باختصار، الذكاء الاصطناعي هو طريقة لجعل الآلات أكثر ذكاءً وقدرة على مساعدتنا في حياتنا اليومية، سواء من خلال التفاعل الصوتي، تقديم الاقتراحات، أو حتى القيادة.","بالطبع! دعنا نتحدث عن الذكاء الاصطناعي بطريقة بسيطة.

الذكاء الاصطناعي هو فرع من علوم الكمبيوتر يهدف إلى إنشاء أنظمة قادرة على محاكاة الذكاء البشري. يعني ذلك أن هذه الأنظمة يمكن أن تتعلم، تفكر، وتقوم بمهام تشبه ما يقوم به الإنسان.

تخيل أن لديك روبوتًا. إذا كان هذا الروبوت مزودًا بالذكاء الاصطناعي، فإنه يمكنه:

1. **التعلم**: مثلما نتعلم من التجارب، يمكن للروبوت أن يتعلم من البيانات. على سبيل المثال، إذا أعطيته صورًا للقطط والكلاب، يمكنه أن يتعلم كيف يميز بينهما.

2. **التفكير**: يمكنه اتخاذ قرارات بناءً على المعلومات التي لديه. إذا كان الروبوت في غرفة مظلمة، يمكنه أن يقرر تشغيل الضوء.

3. **التفاعل**: يمكنه التحدث مع الناس أو فهم الأوامر. مثل مساعد صوتي مثل ""سيري"" أو ""أليكسا"" الذي يمكنه الرد على أسئلتك.

4. **حل المشكلات**: يمكنه استخدام المعلومات لحل المشكلات. على سبيل المثال، إذا كان هناك لغز، يمكنه التفكير في الحلول الممكنة وتجربة بعضها.

الذكاء الاصطناعي يستخدم في العديد من المجالات، مثل الألعاب، الرعاية الصحية، السيارات ذاتية القيادة، وحتى في الهواتف الذكية. الهدف هو جعل الحياة أسهل وأكثر كفاءة.

باختصار، الذكاء الاصطناعي هو محاولة لجعل الآلات تفكر وتتعلم مثل البشر، مما يساعدنا في القيام بالعديد من المهام بشكل أفضل وأسرع.",0.000452,12.426,0.8513,0.8001
inst-002,instruction,no_op,1.0,1.0,0.0,31,31,0.0,اكتب رسالة بريد إلكتروني رسمية إلى مدير الموارد البشرية في شركة كبيرة، تطلب فيها إجازة لمدة أسبوع ابتداءً من تاريخ محدد، مع توضيح السبب بإيجاز واقتراح خطة لتغطية المهام أثناء غيابك.,اكتب رسالة بريد إلكتروني رسمية إلى مدير الموارد البشرية في شركة كبيرة، تطلب فيها إجازة لمدة أسبوع ابتداءً من تاريخ محدد، مع توضيح السبب بإيجاز واقتراح خطة لتغطية المهام أثناء غيابك.,"الموضوع: طلب إجازة لمدة أسبوع

السيد/السيدة [اسم مدير الموارد البشرية] المحترم/المحترمة،

أتمنى أن تكون بخير. أود أن أطلب إجازة لمدة أسبوع، ابتداءً من [تاريخ بدء الإجازة] وحتى [تاريخ انتهاء الإجازة]، وذلك لأسباب شخصية تتطلب مني التفرغ خلال هذه الفترة.

لقد قمت بإعداد خطة لتغطية المهام أثناء غيابي، حيث سأقوم بتسليم جميع المهام الحالية إلى زميلي [اسم الزميل]، الذي وافق على مساعدتي في هذا الشأن. سأقوم بتزويده بجميع المعلومات الضرورية وسأكون متاحًا عبر البريد الإلكتروني في حال حدوث أي طارئ.

أقدر تفهمكم ودعمكم، وأتطلع إلى موافقتكم على هذا الطلب. إذا كان هناك أي استفسارات أو متطلبات إضافية، فلا تترددوا في إخباري.

شكرًا لكم على وقتكم واهتمامكم.

مع خالص التحية،

[اسمك]  
[وظيفتك]  
[رقم الهاتف]  
[البريد الإلكتروني]  ","الموضوع: طلب إجازة لمدة أسبوع

السيد/السيدة [اسم مدير الموارد البشرية] المحترم/المحترمة،

أتمنى أن تكون بخير. أود أن أطلب إجازة لمدة أسبوع، ابتداءً من [تاريخ بدء الإجازة] وحتى [تاريخ انتهاء الإجازة]، وذلك لأسباب شخصية تتطلب مني التفرغ خلال هذه الفترة.

لقد قمت بإعداد خطة لتغطية المهام أثناء غيابي، حيث سأقوم بتسليم جميع المشاريع الحالية إلى زميلي [اسم الزميل]، الذي وافق على تحمل المسؤولية خلال فترة إجازتي. كما سأقوم بتوثيق جميع التفاصيل الضرورية لضمان سير العمل بسلاسة.

أقدر تفهمكم ودعمكم، وأتطلع إلى موافقتكم على هذا الطلب. إذا كان هناك أي استفسارات أو متطلبات إضافية، فلا تترددوا في التواصل معي.

شكراً جزيلاً لوقتكم.

مع خالص التحية،

[اسمك]  
[وظيفتك]  
[رقم هاتفك]  
[البريد الإلكتروني]  ",0.000303,7.544,1.0,0.9308
inst-002,instruction,random_deletion,0.5,0.5161,0.4839,31,16,0.0,اكتب رسالة بريد إلكتروني رسمية إلى مدير الموارد البشرية في شركة كبيرة، تطلب فيها إجازة لمدة أسبوع ابتداءً من تاريخ محدد، مع توضيح السبب بإيجاز واقتراح خطة لتغطية المهام أثناء غيابك.,اكتب بريد مدير الموارد البشرية فيها إجازة أسبوع ابتداءً تاريخ محدد، السبب بإيجاز لتغطية المهام غيابك.,"الموضوع: طلب إجازة لمدة أسبوع

السيد/السيدة [اسم مدير الموارد البشرية] المحترم/المحترمة،

أتمنى أن تكون بخير. أود أن أطلب إجازة لمدة أسبوع، ابتداءً من [تاريخ بدء الإجازة] وحتى [تاريخ انتهاء الإجازة]، وذلك لأسباب شخصية تتطلب مني التفرغ خلال هذه الفترة.

لقد قمت بإعداد خطة لتغطية المهام أثناء غيابي، حيث سأقوم بتسليم جميع المهام الحالية إلى زميلي [اسم الزميل]، الذي وافق على مساعدتي في هذا الشأن. سأقوم بتزويده بجميع المعلومات الضرورية لضمان سير العمل بسلاسة، وسأكون متاحًا عبر البريد الإلكتروني في حال حدوث أي طارئ.

أقدر تفهمكم ودعمكم، وأتطلع إلى موافقتكم على هذا الطلب. إذا كان هناك أي استفسارات أو متطلبات إضافية، فلا تترددوا في إخباري.

شكرًا لكم على وقتكم واهتمامكم.

مع خالص التحية،

[اسمك]  
[وظيفتك]  
[رقم الهاتف]  
[البريد الإلكتروني]  ","الموضوع: طلب إجازة أسبوع

السيد/السيدة [اسم مدير الموارد البشرية] المحترم/المحترمة،

أ hope أن تكون بخير.

أود أن أطلب إجازة لمدة أسبوع تبدأ من [تاريخ البدء] حتى [تاريخ الانتهاء]، وذلك لأسباب شخصية. سأحرص على تنظيم جميع المهام المعلقة وتوزيعها على الزملاء لضمان سير العمل بشكل سلس خلال فترة غيابي.

أشكركم على تفهمكم، وأتطلع إلى موافقتكم على هذا الطلب.

مع خالص التحية،

[اسمك]  
[وظيفتك]  
[رقم الهاتف]  
[البريد الإلكتروني]  ",0.000254,6.082,0.8383,0.8533
inst-003,instruction,no_op,1.0,1.0,0.0,22,22,0.0,اشرح خطوات إعداد فنجان قهوة عربية تقليدية بالهيل، مع ذكر الكميات المناسبة لأربعة أشخاص، والوقت اللازم لكل خطوة، ونصيحة لتقديمها بالشكل التقليدي.,اشرح خطوات إعداد فنجان قهوة عربية تقليدية بالهيل، مع ذكر الكميات المناسبة لأربعة أشخاص، والوقت اللازم لكل خطوة، ونصيحة لتقديمها بالشكل التقليدي.,"إعداد فنجان قهوة عربية تقليدية بالهيل هو فن يتطلب بعض الخطوات البسيطة. إليك خطوات التحضير مع الكميات المناسبة لأربعة أشخاص والوقت اللازم لكل خطوة:

### المكونات:
- 4 أكواب ماء (حوالي 1 لتر)
- 4 ملاعق كبيرة من القهوة العربية المطحونة (حوالي 40 جرام)
- 4 حبات هيل (مطحونة أو كاملة حسب الرغبة)
- سكر حسب الذوق (اختياري)

### الخطوات:

1. **غلي الماء** (5 دقائق):
   - في قدر على النار، ضع 4 أكواب من الماء واتركه حتى يغلي.

2. **إضافة القهوة** (1 دقيقة):
   - بعد غليان الماء، أضف 4 ملاعق كبيرة من القهوة العربية إلى الماء المغلي.

3. **غلي القهوة** (10 دقائق):
   - اترك القهوة تغلي على نار هادئة لمدة 10 دقائق. تأكد من مراقبتها حتى لا تفيض.

4. **إضافة الهيل** (1 دقيقة):
   - بعد انتهاء وقت الغلي، أضف حبات الهيل (إذا كانت كاملة، يمكنك سحقها قليلاً لزيادة النكهة) إلى القهوة.

5. **تصفية القهوة** (2 دقيقة):
   - استخدم مصفاة لتصفية القهوة من الرواسب، ثم اسكبها في إبريق أو دلة.

6. **تقديم القهوة** (2 دقيقة):
   - صب القهوة في فناجين صغيرة. يمكنك إضافة السكر حسب الرغبة.

### نصيحة لتقديم القهوة بالشكل التقليدي:
- قدم القهوة العربية في فناجين صغيرة، ويفضل أن تكون مصنوعة من الخزف أو الزجاج. يمكنك أيضًا تقديمها مع التمر أو المكسرات كوجبة خفيفة جانبية. تأكد من أن تكون القهوة ساخنة عند التقديم، وقدمها مع ابتسامة، حيث أن تقديم القهوة يعتبر جزءًا من الضيافة العربية التقليدية.","إعداد فنجان قهوة عربية تقليدية بالهيل يتطلب بعض الخطوات البسيطة والمكونات الأساسية. إليك الخطوات مع الكميات المناسبة لأربعة أشخاص والوقت اللازم لكل خطوة:

### المكونات:
- 4 أكواب من الماء (حوالي 1 لتر)
- 4 ملاعق كبيرة من القهوة العربية المطحونة (حوالي 40 جرام)
- 4 حبات من الهيل (يمكنك استخدام المزيد حسب الرغبة)
- سكر حسب الذوق (اختياري)

### الخطوات:

1. **غلي الماء** (5 دقائق):
   - في قدر على النار، ضع 4 أكواب من الماء واتركه حتى يغلي.

2. **إضافة القهوة** (1 دقيقة):
   - بعد غليان الماء، أضف 4 ملاعق كبيرة من القهوة العربية المطحونة إلى الماء المغلي.

3. **غلي القهوة** (10 دقائق):
   - اترك القهوة تغلي على نار هادئة لمدة 10 دقائق. تأكد من مراقبتها حتى لا تفيض.

4. **إضافة الهيل** (1 دقيقة):
   - بعد انتهاء وقت الغلي، أضف حبات الهيل إلى القهوة. يمكنك سحقها قليلاً لزيادة النكهة.

5. **تصفية القهوة** (2 دقيقة):
   - استخدم مصفاة لتصفية القهوة من الرواسب. يمكنك استخدام دلة القهوة التقليدية أو أي وعاء آخر.

6. **تقديم القهوة** (2 دقيقة):
   - صب القهوة في فناجين صغيرة. يمكنك إضافة السكر حسب الرغبة.

### نصيحة لتقديم القهوة بالشكل التقليدي:
- قدم القهوة العربية في فناجين صغيرة مع التمر أو المكسرات كوجبة خفيفة. يمكنك أيضًا استخدام دلة القهوة التقليدية (المعروفة باسم ""الدلة"") لتقديم القهوة، حيث تعطي لمسة تقليدية جميلة. تأكد من أن تكون فناجين القهوة مخصصة للقهوة العربية، حيث تكون صغيرة الحجم وتتميز بتصميمات تقليدية.

### الوقت الإجمالي:
- الوقت الإجمالي لإعداد القهوة هو حوالي 30 دقيقة.

استمتع بفنجان القهوة العربية التقليدية مع الأهل والأصدقاء!",0.000569,12.408,1.0,0.9555
inst-003,instruction,random_deletion,0.5,0.5,0.5,22,11,0.0,اشرح خطوات إعداد فنجان قهوة عربية تقليدية بالهيل، مع ذكر الكميات المناسبة لأربعة أشخاص، والوقت اللازم لكل خطوة، ونصيحة لتقديمها بالشكل التقليدي.,خطوات قهوة عربية تقليدية مع الكميات أشخاص، والوقت لكل لتقديمها بالشكل,"إعداد فنجان قهوة عربية تقليدية بالهيل يتطلب بعض الخطوات البسيطة والمكونات الأساسية. إليك الخطوات مع الكميات المناسبة لأربعة أشخاص والوقت اللازم لكل خطوة:

### المكونات:
- 4 أكواب ماء (حوالي 1 لتر)
- 4 ملاعق كبيرة من القهوة العربية المطحونة (حوالي 40 جرام)
- 4 حبات هيل (مطحونة أو كاملة حسب الرغبة)
- سكر حسب الذوق (اختياري)

### الخطوات:

1. **غلي الماء** (5 دقائق):
   - في وعاء على النار، ضع 4 أكواب من الماء واتركه حتى يغلي.

2. **إضافة القهوة** (1 دقيقة):
   - بعد غليان الماء، أضف 4 ملاعق كبيرة من القهوة العربية إلى الماء المغلي.

3. **إضافة الهيل** (1 دقيقة):
   - إذا كنت تستخدم الهيل الكامل، يمكنك إضافته الآن. أما إذا كنت تستخدم الهيل المطحون، يمكنك إضافته بعد غليان القهوة.

4. **غلي القهوة** (10 دقائق):
   - اترك القهوة تغلي على نار هادئة لمدة 10 دقائق. تأكد من مراقبتها حتى لا تفيض.

5. **تصفية القهوة** (2 دقيقة):
   - بعد انتهاء وقت الغلي، استخدم مصفاة لتصفية القهوة من الرواسب. يمكنك استخدام دلة القهوة أو إبريق.

6. **إضافة السكر** (اختياري):
   - إذا كنت ترغب في إضافة السكر، يمكنك إضافته الآن حسب الذوق.

### الوقت الإجمالي:
- الوقت الإجمالي لإعداد القهوة هو حوالي 30 دقيقة.

### نصيحة لتقديم القهوة بالشكل التقليدي:
- قدم القهوة في فناجين صغيرة، ويفضل أن تكون مصنوعة من الخزف أو النحاس. يمكنك تقديمها مع التمر أو المكسرات كوجبة خفيفة جانبية. كما يُفضل أن تُقدم القهوة في دلة تقليدية، مع تقديم الفنجان بيدك اليمنى، مع إمالة الفنجان قليلاً عند التقديم كعلامة على الكرم والضيافة.","إليك خطوات تحضير القهوة العربية التقليدية مع الكميات المناسبة لعدد 4 أشخاص، والوقت المطلوب لكل خطوة:

### المكونات:
- 4 ملاعق كبيرة من القهوة العربية (حوالي 40 جرام)
- 4 أكواب ماء (حوالي 1 لتر)
- 1 ملعقة صغيرة من الهيل المطحون (اختياري)
- سكر حسب الرغبة (اختياري)

### الخطوات:

1. **غلي الماء** (10 دقائق):
   - في قدر على النار، ضع 4 أكواب من الماء واتركه حتى يغلي.

2. **إضافة القهوة** (5 دقائق):
   - بعد غليان الماء، أضف 4 ملاعق كبيرة من القهوة العربية إلى الماء المغلي.
   - اترك المزيج يغلي لمدة 5 دقائق مع التحريك من حين لآخر.

3. **إضافة الهيل** (2 دقيقة):
   - إذا كنت ترغب في إضافة الهيل، قم بإضافته الآن إلى القهوة واتركها تغلي لمدة دقيقتين إضافيتين.

4. **تصفية القهوة** (3 دقائق):
   - استخدم مصفاة لتصفية القهوة من الرواسب. يمكنك استخدام دلة القهوة أو إبريق خاص.

5. **تقديم القهوة** (2 دقيقة):
   - صب القهوة في فناجين التقديم. يمكنك إضافة السكر حسب الرغبة.

### الوقت الإجمالي:
- حوالي 22 دقيقة.

### نصائح للتقديم:
- قدّم القهوة مع التمر أو الحلويات التقليدية.
- يمكنك تقديم القهوة في دلة تقليدية مع فناجين صغيرة.

استمتع بالقهوة العربية التقليدية!",0.000511,11.518,0.8212,0.8826
inst-004,instruction,no_op,1.0,1.0,0.0,25,25,0.0,صمم خطة مذاكرة أسبوعية لطالب جامعي يدرس خمس مواد دراسية، مع مراعاة فترات الراحة، والأنشطة الرياضية، ومتطلبات النوم الكافي، وقدّم الخطة في صورة جدول واضح.,صمم خطة مذاكرة أسبوعية لطالب جامعي يدرس خمس مواد دراسية، مع مراعاة فترات الراحة، والأنشطة الرياضية، ومتطلبات النوم الكافي، وقدّم الخطة في صورة جدول واضح.,"إليك خطة مذاكرة أسبوعية لطالب جامعي يدرس خمس مواد دراسية، مع مراعاة فترات الراحة، والأنشطة الرياضية، ومتطلبات النوم الكافي:

### خطة المذاكرة الأسبوعية

| اليوم       | 8:00 - 9:00  | 9:00 - 10:30 | 10:30 - 11:00 | 11:00 - 12:30 | 12:30 - 1:30 | 1:30 - 2:30  | 2:30 - 4:00  | 4:00 - 5:00  | 5:00 - 6:00  | 6:00 - 7:00  | 7:00 - 8:00  | 8:00 - 10:00 | 10:00 - 11:00 |
|------------|---------------|---------------|----------------|----------------|---------------|---------------|---------------|---------------|---------------|---------------|---------------|---------------|----------------|
| الأحد      | مادة 1       | مادة 2       | استراحة       | مادة 3        | غداء + راحة  | نشاط رياضي   | مادة 4       | استراحة       | مراجعة مادة 1 | عشاء          | مراجعة مادة 2 | وقت حر        | نوم            |
| الإثنين    | مادة 2       | مادة 3       | استراحة       | مادة 1        | غداء + راحة  | نشاط رياضي   | مادة 5       | استراحة       | مراجعة مادة 3 | عشاء          | مراجعة مادة 4 | وقت حر        | نوم            |
| الثلاثاء   | مادة 3       | مادة 4       | استراحة       | مادة 2        | غداء + راحة  | نشاط رياضي   | مادة 1       | استراحة       | مراجعة مادة 5 | عشاء          | مراجعة مادة 3 | وقت حر        | نوم            |
| الأربعاء   | مادة 4       | مادة 5       | استراحة       | مادة 3        | غداء + راحة  | نشاط رياضي   | مادة 2       | استراحة       | مراجعة مادة 1 | عشاء          | مراجعة مادة 4 | وقت حر        | نوم            |
| الخميس     | مادة 5       | مادة 1       | استراحة       | مادة 4        | غداء + را","إليك خطة مذاكرة أسبوعية لطالب جامعي يدرس خمس مواد دراسية، مع مراعاة فترات الراحة، والأنشطة الرياضية، ومتطلبات النوم الكافي. 

### خطة المذاكرة الأسبوعية

| اليوم       | 8:00 - 9:00  | 9:00 - 10:30 | 10:30 - 11:00 | 11:00 - 12:30 | 12:30 - 1:30 | 1:30 - 2:30 | 2:30 - 4:00 | 4:00 - 5:00 | 5:00 - 6:00 | 6:00 - 7:00 | 7:00 - 8:00 | 8:00 - 10:00 | 10:00 - 11:00 |
|------------|---------------|---------------|----------------|----------------|---------------|---------------|---------------|---------------|---------------|---------------|---------------|----------------|----------------|
| الأحد      | مادة 1       | مادة 2       | استراحة       | مادة 3        | غداء          | رياضة         | مادة 4        | استراحة       | مراجعة مادة 1 | عشاء          | وقت حر        | مراجعة مادة 2  | نوم            |
| الإثنين    | مادة 2       | مادة 3       | استراحة       | مادة 1        | غداء          | رياضة         | مادة 5        | استراحة       | مراجعة مادة 3 | عشاء          | وقت حر        | مراجعة مادة 4  | نوم            |
| الثلاثاء   | مادة 3       | مادة 4       | استراحة       | مادة 2        | غداء          | رياضة         | مادة 1        | استراحة       | مراجعة مادة 5 | عشاء          | وقت حر        | مراجعة مادة 3  | نوم            |
| الأربعاء   | مادة 4       | مادة 5       | استراحة       | مادة 3        | غداء          | رياضة         | مادة 2        | استراحة       | مراجعة مادة 1 | عشاء          | وقت حر        | مراجعة مادة 4  | نوم            |
| الخميس     | مادة 5       | مادة 1       | استراحة       | مادة 4        | غداء          | رياضة         | مادة 3        | استراحة       | مراجعة مادة ",0.000631,13.767,1.0,0.9855
inst-004,instruction,random_deletion,0.5,0.48,0.52,25,12,0.0,صمم خطة مذاكرة أسبوعية لطالب جامعي يدرس خمس مواد دراسية، مع مراعاة فترات الراحة، والأنشطة الرياضية، ومتطلبات النوم الكافي، وقدّم الخطة في صورة جدول واضح.,خطة مذاكرة أسبوعية لطالب مواد مراعاة فترات والأنشطة النوم وقدّم في واضح.,"إليك خطة مذاكرة أسبوعية لطالب جامعي يدرس خمس مواد دراسية، مع مراعاة فترات الراحة، والأنشطة الرياضية، ومتطلبات النوم الكافي. 

### خطة المذاكرة الأسبوعية

| اليوم       | 8:00 - 9:00  | 9:00 - 10:30 | 10:30 - 11:00 | 11:00 - 12:30 | 12:30 - 1:30 | 1:30 - 2:30 | 2:30 - 4:00 | 4:00 - 5:00 | 5:00 - 6:00 | 6:00 - 7:00 | 7:00 - 8:00 | 8:00 - 10:00 | 10:00 - 11:00 |
|------------|---------------|---------------|----------------|----------------|---------------|---------------|---------------|---------------|---------------|---------------|---------------|----------------|----------------|
| الأحد      | مادة 1       | مادة 2       | استراحة       | مادة 3        | غداء + راحة  | نشاط رياضي   | مادة 4       | استراحة       | مراجعة مادة 1 | عشاء         | وقت حر        | مراجعة مادة 2  | نوم            |
| الإثنين    | مادة 2       | مادة 3       | استراحة       | مادة 1        | غداء + راحة  | نشاط رياضي   | مادة 5       | استراحة       | مراجعة مادة 3 | عشاء         | وقت حر        | مراجعة مادة 4  | نوم            |
| الثلاثاء   | مادة 3       | مادة 4       | استراحة       | مادة 2        | غداء + راحة  | نشاط رياضي   | مادة 1       | استراحة       | مراجعة مادة 5 | عشاء         | وقت حر        | مراجعة مادة 3  | نوم            |
| الأربعاء   | مادة 4       | مادة 5       | استراحة       | مادة 3        | غداء + راحة  | نشاط رياضي   | مادة 2       | استراحة       | مراجعة مادة 1 | عشاء         | وقت حر        | مراجعة مادة 4  | نوم            |
| الخميس     | مادة 5       | مادة 1       | استراحة       | مادة 4        | غداء + راحة","إليك خطة مذاكرة أسبوعية لطالب، تأخذ في الاعتبار فترات النوم والأنشطة الأخرى. يمكنك تعديل الأوقات حسب احتياجاتك الشخصية:

### خطة المذاكرة الأسبوعية

#### اليوم الأول (الأحد)
- **08:00 - 09:00**: استيقاظ، إفطار، تحضير للمدرسة
- **09:00 - 14:00**: المدرسة
- **14:00 - 15:00**: غداء وراحة
- **15:00 - 17:00**: مذاكرة مادة الرياضيات
- **17:00 - 18:00**: نشاط رياضي (مثل كرة القدم أو الجري)
- **18:00 - 19:00**: مذاكرة مادة العلوم
- **19:00 - 20:00**: عشاء ووقت عائلي
- **20:00 - 21:00**: مراجعة سريعة لمادة اللغة العربية
- **21:00 - 22:00**: وقت حر (قراءة، ألعاب، إلخ)
- **22:00**: النوم

#### اليوم الثاني (الإثنين)
- **08:00 - 09:00**: استيقاظ، إفطار، تحضير للمدرسة
- **09:00 - 14:00**: المدرسة
- **14:00 - 15:00**: غداء وراحة
- **15:00 - 17:00**: مذاكرة مادة اللغة الإنجليزية
- **17:00 - 18:00**: نشاط فني (رسم، موسيقى)
- **18:00 - 19:00**: مذاكرة مادة التاريخ
- **19:00 - 20:00**: عشاء ووقت عائلي
- **20:00 - 21:00**: مراجعة سريعة لمادة الجغرافيا
- **21:00 - 22:00**: وقت حر
- **22:00**: النوم

#### اليوم الثالث (الثلاثاء)
- **08:00 - 09:00**: استيقاظ، إفطار، تحضير للمدرسة
- **09:00 - 14:00**: المدرسة
- **14:00 - 15:00**: غداء وراحة
- **15:00 - 17:00**: مذاكرة مادة الفيزياء
- **17:00",0.000627,14.194,0.8135,0.6973
inst-005,instruction,no_op,1.0,1.0,0.0,12,12,0.0,اقترح خمسة أسماء عربية مناسبة لشركة ناشئة تعمل في مجال التكنولوجيا التعليمية.,اقترح خمسة أسماء عربية مناسبة لشركة ناشئة تعمل في مجال التكنولوجيا التعليمية.,"بالطبع! إليك خمسة أسماء عربية مناسبة لشركة ناشئة تعمل في مجال التكنولوجيا التعليمية:

1. **تعلمTech** - يجمع بين كلمة ""تعلم"" و""تكنولوجيا""، مما يعكس التركيز على التعليم والتكنولوجيا.
2. **معرفة 360** - يوحي بتقديم تجربة تعليمية شاملة ومتنوعة.
3. **إبداع التعليم** - يعكس الابتكار والإبداع في طرق التعليم.
4. **نظام التعلم الذكي** - يشير إلى استخدام التكنولوجيا الذكية في تحسين تجربة التعلم.
5. **أفق المعرفة** - يوحي بتوسيع آفاق التعلم والمعرفة من خلال التكنولوجيا.

أتمنى أن تجد هذه الأسماء ملهمة!","بالطبع! إليك خمسة أسماء عربية مناسبة لشركة ناشئة تعمل في مجال التكنولوجيا التعليمية:

1. **تعلم بذكاء** - يعكس التركيز على التعلم الفعال باستخدام التكنولوجيا.
2. **معرفة 360** - يوحي بتقديم تجربة تعليمية شاملة ومتنوعة.
3. **تكنولوجيا التعليم** - اسم مباشر يوضح مجال العمل بشكل واضح.
4. **أكاديمية المستقبل** - يعبر عن الابتكار والتوجه نحو المستقبل في التعليم.
5. **تعليم رقمي** - يبرز استخدام التكنولوجيا في تقديم المحتوى التعليمي.

أتمنى أن تجد هذه الأسماء ملهمة!",0.000174,5.066,1.0,0.89
inst-005,instruction,random_deletion,0.5,0.5,0.5,12,6,0.0,اقترح خمسة أسماء عربية مناسبة لشركة ناشئة تعمل في مجال التكنولوجيا التعليمية.,اقترح خمسة عربية لشركة مجال التكنولوجيا,"بالطبع! إليك خمسة أسماء عربية مناسبة لشركة ناشئة تعمل في مجال التكنولوجيا التعليمية:

1. **تعلمTech** - يجمع بين كلمة ""تعلم"" و""تكنولوجيا"" ليعكس التركيز على التعليم من خلال التكنولوجيا.
2. **معرفة 360** - يوحي بتقديم تجربة تعليمية شاملة ومتنوعة.
3. **إبداع التعليم** - يعكس الابتكار والإبداع في طرق التعليم.
4. **فكر وتعلم** - يشير إلى أهمية التفكير النقدي والتعلم المستمر.
5. **نظام التعليم الذكي** - يعبر عن استخدام التكنولوجيا الذكية في تحسين العملية التعليمية.

أتمنى أن تجد هذه الأسماء ملهمة!","بالطبع! إليك خمسة اقتراحات لأسماء عربية لشركة في مجال التكنولوجيا:

1. **تكنولوجيا المستقبل** - يعكس الابتكار والتوجه نحو المستقبل.
2. **ابتكار تكنولوجي** - يبرز فكرة الابتكار والإبداع في الحلول التكنولوجية.
3. **عالم الذكاء** - يشير إلى الذكاء الاصطناعي والتكنولوجيا المتقدمة.
4. **رؤية رقمية** - يعكس التركيز على التحول الرقمي والتكنولوجيا الحديثة.
5. **حلول متطورة** - يدل على تقديم حلول تكنولوجية متقدمة وفعالة.

إذا كنت بحاجة إلى المزيد من الاقتراحات أو تفاصيل إضافية، فلا تتردد في إخباري!",0.000184,4.819,0.8561,0.8127
summ-001,summarisation,no_op,1.0,1.0,0.0,79,79,0.0,"لخّص المقال التالي في فقرة واحدة لا تتجاوز خمسين كلمة:

أعلنت وزارة التعليم في عدد من الدول العربية عن خطط لتطوير المناهج الدراسية بحيث تتضمن مفاهيم الذكاء الاصطناعي وعلوم البيانات في المراحل الدراسية المختلفة. ويأتي هذا التوجه في إطار الاستجابة للتحولات الرقمية المتسارعة التي يشهدها سوق العمل، حيث أصبحت المهارات التقنية متطلبًا أساسيًا في كثير من الوظائف الحديثة. وأشار مسؤولون في الوزارة إلى أن هذا التطوير سيشمل تدريب المعلمين، وتحديث الكتب المدرسية، وتوفير منصات تعليمية رقمية تدعم التعلم الذاتي.","لخّص المقال التالي في فقرة واحدة لا تتجاوز خمسين كلمة:

أعلنت وزارة التعليم في عدد من الدول العربية عن خطط لتطوير المناهج الدراسية بحيث تتضمن مفاهيم الذكاء الاصطناعي وعلوم البيانات في المراحل الدراسية المختلفة. ويأتي هذا التوجه في إطار الاستجابة للتحولات الرقمية المتسارعة التي يشهدها سوق العمل، حيث أصبحت المهارات التقنية متطلبًا أساسيًا في كثير من الوظائف الحديثة. وأشار مسؤولون في الوزارة إلى أن هذا التطوير سيشمل تدريب المعلمين، وتحديث الكتب المدرسية، وتوفير منصات تعليمية رقمية تدعم التعلم الذاتي.",أعلنت وزارة التعليم في عدة دول عربية عن خطط لتطوير المناهج الدراسية لتشمل الذكاء الاصطناعي وعلوم البيانات، استجابة للتحولات الرقمية في سوق العمل. سيتضمن ذلك تدريب المعلمين، تحديث الكتب المدرسية، وتوفير منصات تعليمية رقمية لتعزيز التعلم الذاتي.,أعلنت وزارة التعليم في عدة دول عربية عن خطط لتطوير المناهج الدراسية لتشمل الذكاء الاصطناعي وعلوم البيانات، استجابة للتحولات الرقمية في سوق العمل. سيتضمن ذلك تدريب المعلمين، تحديث الكتب المدرسية، وتوفير منصات تعليمية رقمية لتعزيز التعلم الذاتي.,0.000125,3.819,1.0,1.0
summ-001,summarisation,random_deletion,0.5,0.5063,0.4937,79,40,0.0,"لخّص المقال التالي في فقرة واحدة لا تتجاوز خمسين كلمة:

أعلنت وزارة التعليم في عدد من الدول العربية عن خطط لتطوير المناهج الدراسية بحيث تتضمن مفاهيم الذكاء الاصطناعي وعلوم البيانات في المراحل الدراسية المختلفة. ويأتي هذا التوجه في إطار الاستجابة للتحولات الرقمية المتسارعة التي يشهدها سوق العمل، حيث أصبحت المهارات التقنية متطلبًا أساسيًا في كثير من الوظائف الحديثة. وأشار مسؤولون في الوزارة إلى أن هذا التطوير سيشمل تدريب المعلمين، وتحديث الكتب المدرسية، وتوفير منصات تعليمية رقمية تدعم التعلم الذاتي.",التالي في فقرة كلمة: أعلنت التعليم في عدد من العربية لتطوير المناهج تتضمن مفاهيم الذكاء البيانات ويأتي هذا التوجه في للتحولات التي يشهدها سوق العمل، حيث أصبحت المهارات التقنية أساسيًا الوظائف وأشار التطوير تدريب وتحديث الكتب وتوفير رقمية تدعم الذاتي.,أعلنت وزارة التعليم في عدة دول عربية عن خطط لتطوير المناهج الدراسية لتشمل الذكاء الاصطناعي وعلوم البيانات، استجابة للتحولات الرقمية في سوق العمل. سيتضمن ذلك تدريب المعلمين، تحديث الكتب المدرسية، وتوفير منصات تعليمية رقمية لتعزيز التعلم الذاتي.,أعلنت وزارة التعليم في عدد من الدول العربية عن تطوير المناهج الدراسية لتتضمن مفاهيم الذكاء الاصطناعي وعلوم البيانات. ويأتي هذا التوجه في إطار التحولات التي يشهدها سوق العمل، حيث أصبحت المهارات التقنية أساسية في الوظائف الحديثة. وأشارت الوزارة إلى أهمية تطوير برامج التدريب وتحديث الكتب الدراسية، بالإضافة إلى توفير موارد رقمية تدعم التعلم الذاتي للطلاب.,0.000128,3.521,0.8181,0.8038
summ-002,summarisation,no_op,1.0,1.0,0.0,86,86,0.0,"لخّص النص العلمي التالي بنقاط رئيسية:

يُعد التغير المناخي من أبرز التحديات البيئية التي تواجه كوكب الأرض في العصر الحديث. ويُشير العلماء إلى أن ارتفاع درجات الحرارة العالمية ناتج بشكل رئيسي عن انبعاثات غازات الاحتباس الحراري، ولا سيما ثاني أكسيد الكربون الناتج عن حرق الوقود الأحفوري. وتشمل تأثيرات هذا التغير ذوبان الجليد القطبي، وارتفاع مستوى سطح البحر، وزيادة تكرار الظواهر المناخية المتطرفة كالعواصف والجفاف. وقد دعت تقارير دولية إلى ضرورة التحول نحو مصادر طاقة متجددة، وتقليل الاعتماد على الوقود الأحفوري، وتبنّي ممارسات زراعية وصناعية أكثر استدامة.","لخّص النص العلمي التالي بنقاط رئيسية:

يُعد التغير المناخي من أبرز التحديات البيئية التي تواجه كوكب الأرض في العصر الحديث. ويُشير العلماء إلى أن ارتفاع درجات الحرارة العالمية ناتج بشكل رئيسي عن انبعاثات غازات الاحتباس الحراري، ولا سيما ثاني أكسيد الكربون الناتج عن حرق الوقود الأحفوري. وتشمل تأثيرات هذا التغير ذوبان الجليد القطبي، وارتفاع مستوى سطح البحر، وزيادة تكرار الظواهر المناخية المتطرفة كالعواصف والجفاف. وقد دعت تقارير دولية إلى ضرورة التحول نحو مصادر طاقة متجددة، وتقليل الاعتماد على الوقود الأحفوري، وتبنّي ممارسات زراعية وصناعية أكثر استدامة.","- التغير المناخي هو أحد أبرز التحديات البيئية المعاصرة.
- ارتفاع درجات الحرارة العالمية مرتبط بانبعاثات غازات الاحتباس الحراري، خاصة ثاني أكسيد الكربون من حرق الوقود الأحفوري.
- تأثيرات التغير المناخي تشمل:
  - ذوبان الجليد القطبي.
  - ارتفاع مستوى سطح البحر.
  - زيادة تكرار الظواهر المناخية المتطرفة (مثل العواصف والجفاف).
- تقارير دولية تدعو إلى:
  - التحول نحو مصادر طاقة متجددة.
  - تقليل الاعتماد على الوقود الأحفوري.
  - تبني ممارسات زراعية وصناعية أكثر استدامة.","- التغير المناخي هو أحد أبرز التحديات البيئية المعاصرة.
- ارتفاع درجات الحرارة العالمية مرتبط بشكل رئيسي بانبعاثات غازات الاحتباس الحراري، خاصة ثاني أكسيد الكربون من حرق الوقود الأحفوري.
- تأثيرات التغير المناخي تشمل:
  - ذوبان الجليد القطبي.
  - ارتفاع مستوى سطح البحر.
  - زيادة تكرار الظواهر المناخية المتطرفة (مثل العواصف والجفاف).
- تقارير دولية تدعو إلى:
  - التحول نحو مصادر طاقة متجددة.
  - تقليل الاعتماد على الوقود الأحفوري.
  - تبني ممارسات زراعية وصناعية أكثر استدامة.",0.000242,4.544,1.0,0.9945
summ-002,summarisation,random_deletion,0.5,0.5,0.5,86,43,0.0,"لخّص النص العلمي التالي بنقاط رئيسية:

يُعد التغير المناخي من أبرز التحديات البيئية التي تواجه كوكب الأرض في العصر الحديث. ويُشير العلماء إلى أن ارتفاع درجات الحرارة العالمية ناتج بشكل رئيسي عن انبعاثات غازات الاحتباس الحراري، ولا سيما ثاني أكسيد الكربون الناتج عن حرق الوقود الأحفوري. وتشمل تأثيرات هذا التغير ذوبان الجليد القطبي، وارتفاع مستوى سطح البحر، وزيادة تكرار الظواهر المناخية المتطرفة كالعواصف والجفاف. وقد دعت تقارير دولية إلى ضرورة التحول نحو مصادر طاقة متجددة، وتقليل الاعتماد على الوقود الأحفوري، وتبنّي ممارسات زراعية وصناعية أكثر استدامة.",لخّص بنقاط يُعد التغير أبرز التحديات تواجه الأرض في العصر الحديث. ارتفاع العالمية ناتج بشكل عن غازات الاحتباس الحراري، ثاني الكربون حرق وتشمل تأثيرات ذوبان الجليد مستوى سطح وزيادة تكرار الظواهر والجفاف. دعت إلى نحو متجددة، الاعتماد الوقود الأحفوري، زراعية وصناعية أكثر استدامة.,"- التغير المناخي هو أحد أبرز التحديات البيئية المعاصرة.
- ارتفاع درجات الحرارة العالمية مرتبط بشكل رئيسي بانبعاثات غازات الاحتباس الحراري، خاصة ثاني أكسيد الكربون من حرق الوقود الأحفوري.
- تأثيرات التغير المناخي تشمل:
  - ذوبان الجليد القطبي.
  - ارتفاع مستوى سطح البحر.
  - زيادة تكرار الظواهر المناخية المتطرفة (مثل العواصف والجفاف).
- تقارير دولية تدعو إلى:
  - التحول نحو مصادر طاقة متجددة.
  - تقليل الاعتماد على الوقود الأحفوري.
  - تبني ممارسات زراعية وصناعية أكثر استدامة.","- **التغير المناخي**: يُعتبر من أبرز التحديات التي تواجه الأرض في العصر الحديث.
- **ارتفاع درجات الحرارة العالمية**: ناتج بشكل رئيسي عن انبعاث غازات الاحتباس الحراري.
- **ثاني أكسيد الكربون**: يُعتبر من أبرز الغازات الناتجة عن حرق الوقود الأحفوري.
- **ذوبان الجليد**: يؤدي إلى ارتفاع مستوى سطح البحر.
- **زيادة تكرار الظواهر المناخية المتطرفة**: مثل الجفاف والعواصف.
- **التحول نحو الطاقة المتجددة**: ضرورة للحد من الاعتماد على الوقود الأحفوري.
- **الزراعة والصناعة المستدامة**: تحتاج إلى تطوير أساليب أكثر استدامة لمواجهة التحديات البيئية.",0.00024,6.279,0.8127,0.8276
summ-003,summarisation,no_op,1.0,1.0,0.0,75,75,0.0,"اقرأ النص التالي ولخّصه في جملتين فقط:

في يوم من الأيام، خرج تاجر شاب من قريته متجهًا إلى المدينة لبيع بضاعته. وفي طريقه، التقى برجل عجوز جالس تحت شجرة، فسأله عن أقصر طريق إلى السوق. ابتسم العجوز وقال له إن أقصر طريق ليس دائمًا أسرعها، ونصحه باتباع الطريق الأطول لأنه أكثر أمانًا. شكره الشاب وتابع رحلته، وعندما وصل إلى السوق علم أن قافلة قُطع عليها الطريق في المسار القصير، فأدرك حينها قيمة النصيحة التي تلقّاها.","اقرأ النص التالي ولخّصه في جملتين فقط:

في يوم من الأيام، خرج تاجر شاب من قريته متجهًا إلى المدينة لبيع بضاعته. وفي طريقه، التقى برجل عجوز جالس تحت شجرة، فسأله عن أقصر طريق إلى السوق. ابتسم العجوز وقال له إن أقصر طريق ليس دائمًا أسرعها، ونصحه باتباع الطريق الأطول لأنه أكثر أمانًا. شكره الشاب وتابع رحلته، وعندما وصل إلى السوق علم أن قافلة قُطع عليها الطريق في المسار القصير، فأدرك حينها قيمة النصيحة التي تلقّاها.",التقى تاجر شاب برجل عجوز نصحه باتباع الطريق الأطول إلى السوق لأنه أكثر أمانًا. وعندما وصل إلى السوق، اكتشف أن القافلة التي سلكت الطريق القصير تعرضت للخطر، مما جعله يدرك قيمة النصيحة التي تلقاها.,التقى تاجر شاب برجل عجوز نصحه باتباع الطريق الأطول إلى السوق لأنه أكثر أمانًا. وعندما وصل إلى السوق، اكتشف أن القافلة التي سلكت الطريق القصير تعرضت للخطر، مما جعله يدرك قيمة النصيحة التي تلقاها.,0.000121,3.509,1.0,1.0
summ-003,summarisation,random_deletion,0.5,0.5067,0.4933,75,38,0.0,"اقرأ النص التالي ولخّصه في جملتين فقط:

في يوم من الأيام، خرج تاجر شاب من قريته متجهًا إلى المدينة لبيع بضاعته. وفي طريقه، التقى برجل عجوز جالس تحت شجرة، فسأله عن أقصر طريق إلى السوق. ابتسم العجوز وقال له إن أقصر طريق ليس دائمًا أسرعها، ونصحه باتباع الطريق الأطول لأنه أكثر أمانًا. شكره الشاب وتابع رحلته، وعندما وصل إلى السوق علم أن قافلة قُطع عليها الطريق في المسار القصير، فأدرك حينها قيمة النصيحة التي تلقّاها.",اقرأ النص ولخّصه في من الأيام، تاجر شاب من قريته لبيع بضاعته. طريقه، التقى أقصر طريق إلى السوق. وقال له إن أقصر دائمًا الأطول لأنه الشاب رحلته، وعندما إلى السوق علم أن عليها في المسار فأدرك حينها تلقّاها.,التقى تاجر شاب برجل عجوز نصحه باتباع الطريق الأطول إلى السوق لأنه أكثر أمانًا. وعندما وصل إلى السوق، اكتشف أن القافلة التي سلكت الطريق القصير تعرضت للخطر، مما جعله يدرك قيمة النصيحة التي تلقاها.,يتحدث النص عن تاجر شاب من قريته قرر الذهاب إلى السوق لبيع بضاعته. أثناء رحلته، التقى بشخص أخبره أن أقصر الطرق إلى السوق قد تكون الأطول. وعندما وصل الشاب إلى السوق، أدرك أن ما سمعه كان صحيحًا، حيث واجه صعوبات في الطريق القصير.,0.000119,3.525,0.8249,0.7637
summ-004,summarisation,no_op,1.0,1.0,0.0,72,72,0.0,"لخّص الفقرة التالية بأسلوب أكاديمي:

شهد الأدب العربي الحديث تحولات جوهرية منذ بدايات القرن العشرين، حيث انتقل من الأنماط الكلاسيكية الموروثة إلى تجارب أدبية أكثر تنوعًا وانفتاحًا على التيارات العالمية. وقد أسهم في هذا التحول جيل من الأدباء الذين تأثروا بالأدب الأوروبي والأمريكي اللاتيني، فأدخلوا أساليب جديدة في الرواية والقصة القصيرة والشعر الحر. كما لعبت الترجمة دورًا محوريًا في نقل الأفكار النقدية والفلسفية، مما أثرى المشهد الأدبي العربي وأسس لمدارس نقدية حديثة.","لخّص الفقرة التالية بأسلوب أكاديمي:

شهد الأدب العربي الحديث تحولات جوهرية منذ بدايات القرن العشرين، حيث انتقل من الأنماط الكلاسيكية الموروثة إلى تجارب أدبية أكثر تنوعًا وانفتاحًا على التيارات العالمية. وقد أسهم في هذا التحول جيل من الأدباء الذين تأثروا بالأدب الأوروبي والأمريكي اللاتيني، فأدخلوا أساليب جديدة في الرواية والقصة القصيرة والشعر الحر. كما لعبت الترجمة دورًا محوريًا في نقل الأفكار النقدية والفلسفية، مما أثرى المشهد الأدبي العربي وأسس لمدارس نقدية حديثة.",شهد الأدب العربي الحديث تحولات جوهرية منذ أوائل القرن العشرين، حيث انتقل من الأنماط الكلاسيكية إلى تجارب أدبية متنوعة ومنفتحة على التيارات العالمية. ساهم جيل من الأدباء المتأثرين بالأدب الأوروبي والأمريكي اللاتيني في إدخال أساليب جديدة في الرواية والقصة القصيرة والشعر الحر. كما كان للترجمة دور محوري في نقل الأفكار النقدية والفلسفية، مما أثرى المشهد الأدبي العربي وأسس لمدارس نقدية حديثة.,شهد الأدب العربي الحديث تحولات جوهرية منذ أوائل القرن العشرين، حيث انتقل من الأنماط الكلاسيكية إلى تجارب أدبية متنوعة ومنفتحة على التيارات العالمية. ساهم جيل من الأدباء المتأثرين بالأدب الأوروبي والأمريكي اللاتيني في إدخال أساليب جديدة في الرواية والقصة القصيرة والشعر الحر. كما كان للترجمة دور محوري في نقل الأفكار النقدية والفلسفية، مما أثرى المشهد الأدبي العربي وأسس لمدارس نقدية حديثة.,0.000186,4.16,1.0,1.0
summ-004,summarisation,random_deletion,0.5,0.5,0.5,72,36,0.0,"لخّص الفقرة التالية بأسلوب أكاديمي:

شهد الأدب العربي الحديث تحولات جوهرية منذ بدايات القرن العشرين، حيث انتقل من الأنماط الكلاسيكية الموروثة إلى تجارب أدبية أكثر تنوعًا وانفتاحًا على التيارات العالمية. وقد أسهم في هذا التحول جيل من الأدباء الذين تأثروا بالأدب الأوروبي والأمريكي اللاتيني، فأدخلوا أساليب جديدة في الرواية والقصة القصيرة والشعر الحر. كما لعبت الترجمة دورًا محوريًا في نقل الأفكار النقدية والفلسفية، مما أثرى المشهد الأدبي العربي وأسس لمدارس نقدية حديثة.",الفقرة أكاديمي: العربي الحديث جوهرية بدايات القرن العشرين، حيث انتقل الكلاسيكية إلى أدبية تنوعًا على التيارات هذا التحول جيل الأدباء الذين الأوروبي والأمريكي فأدخلوا أساليب جديدة الرواية الترجمة الأفكار النقدية والفلسفية، مما أثرى العربي لمدارس حديثة.,شهد الأدب العربي الحديث تحولات جوهرية منذ أوائل القرن العشرين، حيث انتقل من الأنماط الكلاسيكية إلى تجارب أدبية متنوعة ومنفتحة على التيارات العالمية. ساهم في هذا التحول جيل من الأدباء المتأثرين بالأدب الأوروبي والأمريكي اللاتيني، الذين أدخلوا أساليب جديدة في الرواية والقصة القصيرة والشعر الحر. كما كان للترجمة دور محوري في نقل الأفكار النقدية والفلسفية، مما أثرى المشهد الأدبي العربي وأسس لمدارس نقدية حديثة.,تعتبر بدايات القرن العشرين فترة جوهرية في تطور الأدب العربي الحديث، حيث شهدت انتقالًا من الكلاسيكية إلى تنوع أدبي يعكس تأثيرات متعددة. فقد ساهم جيل من الأدباء الذين تأثروا بالتيارات الأوروبية والأمريكية في إدخال أساليب جديدة في الكتابة، من خلال الرواية والترجمة، مما أتاح لهم استيعاب أفكار نقدية وفلسفية جديدة. هذا التحول لم يثر فقط الأدب العربي، بل أسهم أيضًا في تأسيس مدارس أدبية حديثة، مما أثرى المشهد الثقافي وأدى إلى تجديد في الأساليب والموضوعات الأدبية.,0.000192,29.787,0.8243,0.8227
summ-005,summarisation,no_op,1.0,1.0,0.0,19,19,0.0,لخّص الجملة التالية في كلمات قليلة: الرياضة فعل صحي ينعكس إيجابًا على الجسد والعقل ويُعزز الإنتاجية في الحياة اليومية.,لخّص الجملة التالية في كلمات قليلة: الرياضة فعل صحي ينعكس إيجابًا على الجسد والعقل ويُعزز الإنتاجية في الحياة اليومية.,الرياضة تعزز الصحة والإنتاجية.,الرياضة تعزز الصحة والإنتاجية.,2.5e-05,1.886,1.0,1.0
summ-005,summarisation,random_deletion,0.5,0.5263,0.4737,19,10,0.0,لخّص الجملة التالية في كلمات قليلة: الرياضة فعل صحي ينعكس إيجابًا على الجسد والعقل ويُعزز الإنتاجية في الحياة اليومية.,لخّص الجملة التالية في فعل إيجابًا على الجسد في اليومية.,الرياضة تعزز الصحة والإنتاجية.,"بالطبع! يمكنك تلخيص الجملة في فعل إيجابي على الجسد في اليومية كالتالي: ""أعتني بجسدي من خلال ممارسة الرياضة وتناول الطعام الصحي.""",3.9e-05,2.307,0.8226,0.6675
qa-001,qa,no_op,1.0,1.0,0.0,11,11,0.0,ما هي العاصمة السياسية لجمهورية مصر العربية، ومتى أصبحت عاصمة لها؟,ما هي العاصمة السياسية لجمهورية مصر العربية، ومتى أصبحت عاصمة لها؟,العاصمة السياسية لجمهورية مصر العربية هي القاهرة. أصبحت القاهرة عاصمة لمصر في عام 969 ميلادي، عندما أسسها الفاطميون. منذ ذلك الحين، تطورت المدينة لتصبح مركزًا ثقافيًا وسياسيًا هامًا في العالم العربي.,العاصمة السياسية لجمهورية مصر العربية هي القاهرة. أصبحت القاهرة عاصمة لمصر في عام 969 ميلادي، عندما أسسها الفاطميون. منذ ذلك الحين، تطورت المدينة لتصبح مركزًا ثقافيًا وسياسيًا هامًا في العالم العربي والإسلامي.,7.7e-05,2.819,1.0,0.9819
qa-001,qa,random_deletion,0.5,0.5455,0.4545,11,6,0.0,ما هي العاصمة السياسية لجمهورية مصر العربية، ومتى أصبحت عاصمة لها؟,هي العاصمة السياسية مصر أصبحت لها؟,العاصمة السياسية لجمهورية مصر العربية هي القاهرة. أصبحت القاهرة عاصمة لمصر في عام 969 ميلادي، عندما أسسها الفاطميون. منذ ذلك الحين، تطورت المدينة لتصبح مركزًا ثقافيًا وسياسيًا هامًا في العالم العربي.,العاصمة السياسية لمصر هي القاهرة. تأسست القاهرة في القرن العاشر الميلادي، وهي تعد واحدة من أكبر المدن في العالم العربي وتلعب دورًا مهمًا في الحياة السياسية والاقتصادية والثقافية في مصر.,6.8e-05,2.585,0.8149,0.7866
qa-002,qa,no_op,1.0,1.0,0.0,57,57,0.0,"بناءً على النص التالي، أجب عن السؤال:

النص: تأسست جامعة القرويين في مدينة فاس بالمغرب عام 859 ميلادية على يد فاطمة الفهرية، وتُعتبر من أقدم الجامعات في العالم التي ما زالت تعمل حتى اليوم. بدأت كمسجد ثم تحوّلت تدريجيًا إلى مؤسسة تعليمية شاملة تُدرّس العلوم الدينية واللغوية والطبيعية.

السؤال: من أسّس جامعة القرويين، وفي أي مدينة تقع؟","بناءً على النص التالي، أجب عن السؤال:

النص: تأسست جامعة القرويين في مدينة فاس بالمغرب عام 859 ميلادية على يد فاطمة الفهرية، وتُعتبر من أقدم الجامعات في العالم التي ما زالت تعمل حتى اليوم. بدأت كمسجد ثم تحوّلت تدريجيًا إلى مؤسسة تعليمية شاملة تُدرّس العلوم الدينية واللغوية والطبيعية.

السؤال: من أسّس جامعة القرويين، وفي أي مدينة تقع؟",أسّست جامعة القرويين فاطمة الفهرية، وتقع في مدينة فاس بالمغرب.,أسّست جامعة القرويين فاطمة الفهرية، وتقع في مدينة فاس بالمغرب.,6.2e-05,22.719,1.0,1.0
qa-002,qa,random_deletion,0.5,0.4912,0.5088,57,28,0.0,"بناءً على النص التالي، أجب عن السؤال:

النص: تأسست جامعة القرويين في مدينة فاس بالمغرب عام 859 ميلادية على يد فاطمة الفهرية، وتُعتبر من أقدم الجامعات في العالم التي ما زالت تعمل حتى اليوم. بدأت كمسجد ثم تحوّلت تدريجيًا إلى مؤسسة تعليمية شاملة تُدرّس العلوم الدينية واللغوية والطبيعية.

السؤال: من أسّس جامعة القرويين، وفي أي مدينة تقع؟",التالي، السؤال: النص: تأسست مدينة فاس عام الفهرية، وتُعتبر الجامعات في العالم ما زالت تعمل بدأت كمسجد ثم تعليمية شاملة تُدرّس العلوم واللغوية من أسّس جامعة القرويين، تقع؟,أسّست جامعة القرويين فاطمة الفهرية، وتقع في مدينة فاس بالمغرب.,مدينة فاس، التي تأسست عام 859 ميلادي، تُعتبر موطن جامعة القرويين، التي تُعتبر أقدم جامعة في العالم لا تزال تعمل. بدأت الجامعة كمسجد ثم تطورت لتصبح مؤسسة تعليمية شاملة تُدرّس العلوم واللغات. تقع مدينة فاس في المغرب.,7.9e-05,23.382,0.7972,0.7062
qa-003,qa,no_op,1.0,1.0,0.0,15,15,0.0,لماذا يُعتبر البحر الميت ميتًا، وما الأسباب العلمية التي تمنع الحياة البحرية من التواجد فيه؟,لماذا يُعتبر البحر الميت ميتًا، وما الأسباب العلمية التي تمنع الحياة البحرية من التواجد فيه؟,"يُعتبر البحر الميت ""ميتًا"" لأنه يحتوي على تركيز عالٍ جدًا من الأملاح، مما يجعل الحياة البحرية غير ممكنة فيه. هناك عدة أسباب علمية تفسر عدم وجود الحياة في البحر الميت:

1. **تركيز الملح العالي**: يحتوي البحر الميت على تركيز ملح يصل إلى حوالي 30%، وهو ما يعادل عشرة أضعاف تركيز الملح في المحيطات. هذا التركيز العالي من الأملاح يجعل البيئة غير مناسبة للكائنات الحية، حيث لا تستطيع معظم الكائنات البحرية تحمل هذه المستويات العالية من الملوحة.

2. **الضغط الأسموزي**: في البيئات ذات الملوحة العالية، يتعرض الكائنات الحية لضغط أسموزي كبير. هذا يعني أن الماء داخل خلايا الكائنات الحية يميل للخروج إلى البيئة الخارجية ذات الملوحة العالية، مما يؤدي إلى جفاف الخلايا وموتها.

3. **نقص الأكسجين**: البحر الميت هو بحيرة مغلقة، مما يعني أنه لا يتلقى تدفقات من المياه العذبة التي يمكن أن تجلب الأكسجين. نقص الأكسجين في المياه يجعل من الصعب على الكائنات الحية البقاء على قيد الحياة.

4. **الحرارة**: درجات الحرارة في المنطقة المحيطة بالبحر الميت يمكن أن تكون مرتفعة جدًا، مما يزيد من تبخر المياه ويؤدي إلى زيادة تركيز الأملاح.

بسبب هذه العوامل، لا توجد كائنات حية مثل الأسماك أو النباتات البحرية في البحر الميت، مما يجعله بيئة فريدة وغير حيوية.","يُعتبر البحر الميت ""ميتًا"" لأنه يحتوي على تركيز عالٍ جدًا من الأملاح، مما يجعل الحياة البحرية غير ممكنة فيه. هناك عدة أسباب علمية تفسر عدم وجود الحياة في البحر الميت:

1. **تركيز الملح العالي**: يحتوي البحر الميت على تركيز ملح يصل إلى حوالي 30%، وهو ما يعادل عشرة أضعاف تركيز الملح في المحيطات. هذا التركيز العالي من الأملاح يجعل البيئة غير مناسبة لمعظم الكائنات الحية، حيث لا تستطيع الكائنات البحرية العيش في مثل هذه الظروف.

2. **ضغط الأسموزي**: في بيئات ذات تركيز ملحي مرتفع، يتعرض الكائنات الحية لضغط أسموزي كبير. هذا يعني أن الماء داخل خلايا الكائنات الحية يميل للخروج إلى البيئة الخارجية ذات التركيز الملحي العالي، مما يؤدي إلى جفاف الخلايا وموتها.

3. **نقص الأكسجين**: البحر الميت هو بحيرة مغلقة، مما يعني أن هناك تبادل محدود للغازات مثل الأكسجين. هذا النقص في الأكسجين يجعل من الصعب على الكائنات الحية، مثل الأسماك، البقاء على قيد الحياة.

4. **الحرارة**: درجات الحرارة في المنطقة المحيطة بالبحر الميت يمكن أن تكون مرتفعة جدًا، مما يزيد من تبخر المياه ويؤدي إلى زيادة تركيز الأملاح.

بسبب هذه العوامل، لا توجد حياة بحرية في البحر الميت، مما يجعله فريدًا من نوعه في العالم. ومع ذلك، هناك بعض الكائنات الدقيقة مثل بعض أنواع البكتيريا والطحالب التي تستطيع العيش في مثل هذه الظروف القاسية.",0.000435,9.728,1.0,0.9431
qa-003,qa,random_deletion,0.5,0.5333,0.4667,15,8,0.0,لماذا يُعتبر البحر الميت ميتًا، وما الأسباب العلمية التي تمنع الحياة البحرية من التواجد فيه؟,البحر الميت ميتًا، الأسباب العلمية التي البحرية من,"يُعتبر البحر الميت ""ميتًا"" لأنه يحتوي على تركيز عالٍ جدًا من الأملاح، مما يجعل الحياة البحرية غير ممكنة فيه. هناك عدة أسباب علمية تفسر عدم وجود الحياة في البحر الميت:

1. **تركيز الملح العالي**: يحتوي البحر الميت على تركيز ملح يصل إلى حوالي 30%، وهو ما يعادل عشرة أضعاف تركيز الملح في المحيطات. هذا التركيز العالي من الأملاح يجعل البيئة غير مناسبة للكائنات الحية، حيث لا تستطيع معظم الكائنات البحرية تحمل هذه المستويات العالية من الملوحة.

2. **الضغط الأسموزي**: في البيئات ذات الملوحة العالية، يتعرض الكائنات الحية لضغط أسموزي كبير. حيث تميل المياه من داخل خلايا الكائنات الحية إلى الخروج إلى البيئة الخارجية ذات الملوحة العالية، مما يؤدي إلى جفاف الخلايا وموتها.

3. **نقص الأكسجين**: البحر الميت هو بحيرة مغلقة، مما يعني أنه لا يوجد تدفق للمياه من وإلى البحر. هذا يؤدي إلى نقص في الأكسجين المذاب في الماء، وهو أمر ضروري للحياة البحرية.

4. **الحرارة**: درجات الحرارة في المنطقة المحيطة بالبحر الميت قد تكون مرتفعة، مما يزيد من تبخر المياه ويؤدي إلى زيادة تركيز الأملاح.

بسبب هذه العوامل، لا توجد كائنات حية مثل الأسماك أو النباتات البحرية في البحر الميت، مما يجعله بيئة غير مناسبة للحياة. ومع ذلك، هناك بعض الكائنات الدقيقة مثل بعض أنواع البكتيريا والطحالب التي يمكن أن تعيش في ظروف قاسية، ولكنها ليست كائنات بحرية تقليدية.","البحر الميت هو بحيرة مالحة تقع بين الأردن وفلسطين، ويعتبر من أكثر المسطحات المائية ملوحة في العالم. يُعرف البحر الميت بمستواه المنخفض، حيث يقع على عمق حوالي 430 مترًا تحت مستوى سطح البحر، مما يجعله أدنى نقطة على سطح الأرض.

### الأسباب العلمية لموت البحر الميت:

1. **التبخر العالي**: يتمتع البحر الميت بمناخ حار وجاف، مما يؤدي إلى معدلات تبخر مرتفعة. هذا التبخر يساهم في زيادة تركيز الأملاح في المياه، مما يجعلها أكثر ملوحة.

2. **نقص المياه العذبة**: يعتمد البحر الميت بشكل رئيسي على نهر الأردن كمصدر للمياه العذبة. ومع تزايد استخدام المياه من النهر لأغراض الزراعة والشرب، انخفضت كميات المياه التي تصل إلى البحر الميت بشكل كبير.

3. **التغيرات المناخية**: تؤثر التغيرات المناخية على مستويات الأمطار والموارد المائية في المنطقة، مما يزيد من تفاقم مشكلة نقص المياه.

4. **الأنشطة البشرية**: تشمل الأنشطة البشرية مثل استخراج الأملاح والمعادن من البحر الميت، مما يؤدي إلى تقليل مستوى المياه. كما أن المشاريع الزراعية والصناعية في المنطقة تؤثر سلبًا على تدفق المياه إلى البحر.

5. **الانخفاض المستمر في مستوى المياه**: تشير الدراسات إلى أن مستوى المياه في البحر الميت ينخفض بمعدل يتراوح بين 1 إلى 1.5 متر سنويًا، مما يهدد النظام البيئي المحيط به.

### الآثار المترتبة:

- **تدهور البيئة**: يؤثر انخفاض مستوى المياه على الحياة البحرية والنباتات المحيطة.
- **تأثيرات اقتصادية**: يعتمد العديد من السكان المحليين على السياحة والصناعات المرتبطة بالبحر الميت، مما قد يتأثر سلبًا بانخفاض مستوى المياه.
- **تغيرات جغرافية**: يمكن أن يؤدي الانخفاض المستمر في مستوى المياه إلى تشكيل أخاديد وتشققات في الأرض المحيطة.

تتطلب هذه القضايا جهودًا مشتركة من الدول المعنية لحماية البحر الميت وضمان استدامته للأجيال القادمة.",0.000519,11.085,0.7797,0.7659
qa-004,qa,no_op,1.0,1.0,0.0,31,31,0.0,إذا كان لدى تاجر 240 كيلوغرامًا من التمر، وباع ثلاثة أرباع الكمية بسعر 25 ريالًا للكيلوغرام، والباقي بسعر 30 ريالًا للكيلوغرام، فكم يبلغ مجموع ما حصّله من البيع؟ اشرح خطوات الحل.,إذا كان لدى تاجر 240 كيلوغرامًا من التمر، وباع ثلاثة أرباع الكمية بسعر 25 ريالًا للكيلوغرام، والباقي بسعر 30 ريالًا للكيلوغرام، فكم يبلغ مجموع ما حصّله من البيع؟ اشرح خطوات الحل.,"لحساب مجموع ما حصّله التاجر من بيع التمر، نتبع الخطوات التالية:

1. **حساب كمية التمر المباعة**:
   - التاجر لديه 240 كيلوغرامًا من التمر.
   - باع ثلاثة أرباع الكمية، لذا نحسب ثلاثة أرباع 240 كيلوغرامًا:
     \[
     \text{ثلاثة أرباع الكمية} = \frac{3}{4} \times 240 = 180 \text{ كيلوغرام}
     \]

2. **حساب الكمية المتبقية**:
   - الكمية المتبقية هي الربع المتبقي من الكمية الأصلية:
     \[
     \text{الكمية المتبقية} = 240 - 180 = 60 \text{ كيلوغرام}
     \]

3. **حساب الإيرادات من بيع الكمية المباعة**:
   - التاجر باع 180 كيلوغرامًا بسعر 25 ريالًا للكيلوغرام:
     \[
     \text{الإيرادات من الكمية المباعة} = 180 \times 25 = 4500 \text{ ريال}
     \]

4. **حساب الإيرادات من بيع الكمية المتبقية**:
   - التاجر باع 60 كيلوغرامًا بسعر 30 ريالًا للكيلوغرام:
     \[
     \text{الإيرادات من الكمية المتبقية} = 60 \times 30 = 1800 \text{ ريال}
     \]

5. **حساب المجموع الكلي للإيرادات**:
   - نجمع الإيرادات من الكمية المباعة والإيرادات من الكمية المتبقية:
     \[
     \text{المجموع الكلي} = 4500 + 1800 = 6300 \text{ ريال}
     \]

إذًا، مجموع ما حصّله التاجر من البيع هو **6300 ريال**.","لحساب مجموع ما حصّله التاجر من بيع التمر، نتبع الخطوات التالية:

1. **حساب كمية التمر المباعة**:
   - التاجر لديه 240 كيلوغرامًا من التمر.
   - باع ثلاثة أرباع الكمية، لذا نحسب ثلاثة أرباع 240 كيلوغرامًا:
     \[
     \text{ثلاثة أرباع الكمية} = \frac{3}{4} \times 240 = 180 \text{ كيلوغرام}
     \]

2. **حساب الكمية المتبقية**:
   - الكمية المتبقية هي الربع من الكمية الأصلية:
     \[
     \text{الكمية المتبقية} = 240 - 180 = 60 \text{ كيلوغرام}
     \]

3. **حساب الإيرادات من بيع الكمية المباعة**:
   - التاجر باع 180 كيلوغرامًا بسعر 25 ريالًا للكيلوغرام:
     \[
     \text{إيرادات البيع} = 180 \times 25 = 4500 \text{ ريال}
     \]

4. **حساب الإيرادات من بيع الكمية المتبقية**:
   - التاجر باع 60 كيلوغرامًا بسعر 30 ريالًا للكيلوغرام:
     \[
     \text{إيرادات البيع} = 60 \times 30 = 1800 \text{ ريال}
     \]

5. **حساب المجموع الكلي للإيرادات**:
   - نجمع الإيرادات من الكمية المباعة والكمية المتبقية:
     \[
     \text{المجموع الكلي} = 4500 + 1800 = 6300 \text{ ريال}
     \]

إذًا، مجموع ما حصّله التاجر من البيع هو **6300 ريال**.",0.000503,9.577,1.0,0.9809
qa-004,qa,random_deletion,0.5,0.5161,0.4839,31,16,0.0,إذا كان لدى تاجر 240 كيلوغرامًا من التمر، وباع ثلاثة أرباع الكمية بسعر 25 ريالًا للكيلوغرام، والباقي بسعر 30 ريالًا للكيلوغرام، فكم يبلغ مجموع ما حصّله من البيع؟ اشرح خطوات الحل.,إذا كان لدى تاجر كيلوغرامًا التمر، 25 ريالًا للكيلوغرام، بسعر للكيلوغرام، حصّله من البيع؟ اشرح الحل.,"لحساب مجموع ما حصّله التاجر من بيع التمر، نتبع الخطوات التالية:

1. **حساب كمية التمر المباعة**:
   - التاجر لديه 240 كيلوغرامًا من التمر.
   - باع ثلاثة أرباع الكمية، لذا نحسب ثلاثة أرباع 240 كيلوغرامًا:
     \[
     \text{ثلاثة أرباع الكمية} = \frac{3}{4} \times 240 = 180 \text{ كيلوغرام}
     \]

2. **حساب الكمية المتبقية**:
   - الكمية المتبقية هي ربع الكمية الأصلية:
     \[
     \text{ربع الكمية} = \frac{1}{4} \times 240 = 60 \text{ كيلوغرام}
     \]

3. **حساب الإيرادات من بيع الكمية المباعة**:
   - التاجر باع 180 كيلوغرامًا بسعر 25 ريالًا للكيلوغرام:
     \[
     \text{الإيرادات من الكمية المباعة} = 180 \times 25 = 4500 \text{ ريال}
     \]

4. **حساب الإيرادات من بيع الكمية المتبقية**:
   - التاجر باع 60 كيلوغرامًا بسعر 30 ريالًا للكيلوغرام:
     \[
     \text{الإيرادات من الكمية المتبقية} = 60 \times 30 = 1800 \text{ ريال}
     \]

5. **حساب المجموع الكلي للإيرادات**:
   - نجمع الإيرادات من الكمية المباعة والإيرادات من الكمية المتبقية:
     \[
     \text{المجموع الكلي} = 4500 + 1800 = 6300 \text{ ريال}
     \]

إذًا، مجموع ما حصّله التاجر من البيع هو **6300 ريال**.","لحساب المبلغ الذي حصّله التاجر من بيع كيلوغرام من التمر بسعر 25 ريالًا للكيلوغرام، يمكننا استخدام المعادلة التالية:

المبلغ المحصل = سعر الكيلوغرام × الكمية المباعة

في هذه الحالة، الكمية المباعة هي 1 كيلوغرام، وسعر الكيلوغرام هو 25 ريالًا.

لذا، نقوم بالتعويض في المعادلة:

المبلغ المحصل = 25 ريال × 1 كيلوغرام = 25 ريال

إذًا، التاجر حصّل 25 ريالًا من بيع كيلوغرام التمر.",0.000341,7.552,0.8729,0.6971
qa-005,qa,no_op,1.0,1.0,0.0,18,18,0.0,ما هي أوجه الشبه والاختلاف الرئيسية بين اللغة العربية الفصحى واللهجات العربية المحكية، من حيث الصرف والنحو والمفردات؟,ما هي أوجه الشبه والاختلاف الرئيسية بين اللغة العربية الفصحى واللهجات العربية المحكية، من حيث الصرف والنحو والمفردات؟,"اللغة العربية الفصحى واللهجات العربية المحكية تختلفان في عدة جوانب، ولكن هناك أيضًا أوجه شبه بينهما. إليك بعض أوجه الشبه والاختلاف الرئيسية من حيث الصرف والنحو والمفردات:

### أوجه الشبه:
1. **الجذور**: كلاهما يعتمد على نظام الجذور الثلاثية، حيث تُشتق الكلمات من جذور أساسية.
2. **الأساس النحوي**: القواعد النحوية الأساسية موجودة في كلا الشكلين، مثل قواعد الإعراب والتركيب.
3. **المفردات المشتركة**: هناك العديد من المفردات التي تُستخدم في الفصحى وتظهر أيضًا في اللهجات، مما يسهل الفهم بين المتحدثين.

### أوجه الاختلاف:
1. **الصرف**:
   - **الفصحى**: تتبع قواعد صرفية دقيقة، مثل تصريف الأفعال والأسماء وفقًا للزمن والعدد والجنس.
   - **اللهجات**: قد تتجاهل بعض القواعد الصرفية أو تُبسطها، مما يؤدي إلى أشكال مختلفة من التصريف.

2. **النحو**:
   - **الفصحى**: تتسم بقواعد نحوية صارمة، مثل الإعراب والتوافق بين الفاعل والفعل.
   - **اللهجات**: قد تكون أكثر مرونة، حيث يمكن أن تُستخدم تراكيب نحوية غير تقليدية، وقد تُهمل بعض قواعد الإعراب.

3. **المفردات**:
   - **الفصحى**: تحتوي على مفردات رسمية وأدبية، وغالبًا ما تُستخدم في الكتابات الرسمية والأدب.
   - **اللهجات**: تحتوي على مفردات محلية وعامية، وقد تتضمن كلمات مستعارة من لغات أخرى أو تعبيرات خاصة بالثقافة المحلية.

4. **النطق**:
   - **الفصحى**: تتبع قواعد نطق محددة، وغالبًا ما تكون أكثر وضوحًا.
   - **اللهجات**: تختلف في النطق من منطقة لأخرى، مما قد يؤدي إلى صعوبة الفهم بين المتحدثين من مناطق مختلفة.

5. **الاستخدام**:
   - **الفصحى**: تُستخدم في الإعلام، التعليم، والأدب.
   - **اللهجات**: تُستخدم في الحياة اليومية، المحادثات غير الرسمية، والفنون الشعبية.

### خلاصة:
اللغة العربية الف","اللغة العربية الفصحى واللهجات العربية المحكية تختلفان في عدة جوانب، ولكن هناك أيضًا أوجه شبه بينهما. إليك بعض أوجه الشبه والاختلاف الرئيسية من حيث الصرف والنحو والمفردات:

### أوجه الشبه:
1. **الجذور**: كلاهما يعتمد على نظام الجذور الثلاثية، حيث تُشتق الكلمات من جذور أساسية.
2. **بعض المفردات**: هناك العديد من المفردات التي تتشابه بين الفصحى واللهجات، خاصة الكلمات الأساسية مثل الأعداد والألوان وبعض الأفعال.
3. **الأسس النحوية**: القواعد النحوية الأساسية موجودة في كلا النظامين، مثل الفاعل والمفعول به.

### أوجه الاختلاف:
1. **الصرف**:
   - **الفصحى**: تتبع قواعد صرفية دقيقة ومعقدة، مثل تصريف الأفعال حسب الزمن والضمائر.
   - **اللهجات**: غالبًا ما تكون أكثر بساطة، وقد تُستخدم صيغ مختصرة أو معدلة، مثل حذف بعض الحروف أو تغيير النهايات.

2. **النحو**:
   - **الفصحى**: تتبع قواعد نحوية صارمة، مثل التوافق بين الفاعل والمفعول به، واستخدام علامات الترقيم بشكل دقيق.
   - **اللهجات**: قد تكون أكثر مرونة، حيث يمكن أن تُستخدم تراكيب نحوية غير تقليدية، وقد تُحذف بعض العناصر النحوية.

3. **المفردات**:
   - **الفصحى**: تحتوي على مفردات غنية ومعقدة، وغالبًا ما تُستخدم في الأدب والكتابة الرسمية.
   - **اللهجات**: تحتوي على مفردات محلية قد لا تكون مفهومة في لهجات أخرى، وغالبًا ما تتضمن كلمات مستعارة من لغات أخرى أو تعبيرات شعبية.

4. **الأسلوب**:
   - **الفصحى**: تُستخدم في الكتابات الرسمية، الأخبار، والأدب.
   - **اللهجات**: تُستخدم في المحادثات اليومية، والأغاني، والدراما، مما يجعلها أكثر قربًا من الحياة اليومية.

### الخلاصة:
اللغة العربية الفصحى تمثل الشكل الرسمي والمعيار للغة، بينما اللهجات العربية المحكية تعكس التنوع الثقافي واللغوي في المجتمعات العربية. كل منه",0.000626,12.173,1.0,0.9213
qa-005,qa,random_deletion,0.5,0.5,0.5,18,9,0.0,ما هي أوجه الشبه والاختلاف الرئيسية بين اللغة العربية الفصحى واللهجات العربية المحكية، من حيث الصرف والنحو والمفردات؟,ما أوجه بين العربية المحكية، من حيث الصرف والنحو,"اللغة العربية الفصحى واللهجات العربية المحكية تختلفان في عدة جوانب، ولكن هناك أيضًا أوجه شبه بينهما. إليك بعض أوجه الشبه والاختلاف الرئيسية من حيث الصرف والنحو والمفردات:

### أوجه الشبه:
1. **الجذور**: كلاهما يعتمد على نظام الجذور الثلاثية، حيث تُشتق الكلمات من جذور أساسية.
2. **بعض المفردات**: هناك العديد من المفردات التي تُستخدم في الفصحى وتظهر أيضًا في اللهجات، مما يسهل الفهم بين المتحدثين.
3. **الأساس النحوي**: القواعد النحوية الأساسية موجودة في كلا الشكلين، مثل قواعد الإعراب.

### أوجه الاختلاف:
1. **الصرف**:
   - **الفصحى**: تتبع قواعد صرفية دقيقة، مثل تصريف الأفعال والأسماء وفقًا للزمن والعدد والجنس.
   - **اللهجات**: قد تتجاهل بعض القواعد الصرفية أو تُبسطها، مما يؤدي إلى أشكال مختلفة من التصريف.

2. **النحو**:
   - **الفصحى**: تحتوي على قواعد نحوية معقدة، مثل الإعراب، التمييز بين الفاعل والمفعول به، وغيرها.
   - **اللهجات**: تميل إلى استخدام تراكيب نحوية أبسط، وغالبًا ما تُهمل علامات الإعراب.

3. **المفردات**:
   - **الفصحى**: تحتوي على مفردات رسمية وأدبية، وغالبًا ما تُستخدم في الكتابات الرسمية والأدبية.
   - **اللهجات**: تحتوي على مفردات محلية وعامية، وقد تتضمن كلمات مستعارة من لغات أخرى أو تعبيرات خاصة بالثقافة المحلية.

4. **الأسلوب**:
   - **الفصحى**: تُستخدم في الكتابات الرسمية، الأخبار، الأدب، والخطابات.
   - **اللهجات**: تُستخدم في المحادثات اليومية، والأحاديث غير الرسمية، وتختلف من منطقة لأخرى.

### الخلاصة:
اللغة العربية الفصحى تمثل الشكل الرسمي والمكتوب للغة، بينما اللهجات العربية المحكية تعكس التنوع الثقافي واللغوي في المجتمعات العربية. على الرغم من الاختلافات، إلا أن هناك تواصلًا بينهما، حيث يمكن للمتحدثين باللهجات","العربية المحكية، أو اللهجات العربية، تختلف عن الفصحى في عدة أوجه من حيث الصرف والنحو. إليك بعض هذه الأوجه:

### 1. **الصرف:**
- **التصريف:** في اللهجات المحكية، يتم استخدام صيغ صرفية أبسط وأقل تعقيدًا مقارنة بالفصحى. على سبيل المثال، قد يتم حذف بعض الحروف أو تغييرها.
- **الأوزان:** اللهجات المحكية قد لا تتبع الأوزان الصرفية التقليدية المستخدمة في الفصحى، مما يؤدي إلى ظهور كلمات جديدة أو صيغ مختلفة.
- **الأفعال:** في بعض اللهجات، يتم استخدام صيغ مختصرة للأفعال، مثل استخدام الفعل المضارع بدون حروف العلة.

### 2. **النحو:**
- **الإعراب:** في اللهجات المحكية، غالبًا ما يتم إهمال الإعراب، حيث لا تُستخدم علامات الإعراب بشكل صارم كما في الفصحى.
- **الجملة:** التركيب النحوي للجمل في اللهجات المحكية قد يكون أكثر بساطة، وغالبًا ما يتم استخدام الجمل الاسمية أو الفعلية بشكل غير معقد.
- **الضمائر:** قد تختلف استخدامات الضمائر في اللهجات المحكية، حيث يتم استخدام ضمائر مختصرة أو مختلفة عن الفصحى.

### 3. **المفردات:**
- **المفردات:** تحتوي اللهجات المحكية على مفردات خاصة بها قد لا توجد في الفصحى، أو قد تحمل معاني مختلفة.
- **التأثيرات:** تتأثر اللهجات المحكية باللغات والثقافات المحلية، مما يؤدي إلى إدخال كلمات جديدة أو تعبيرات غير موجودة في الفصحى.

### 4. **الأسلوب:**
- **الأسلوب:** اللهجات المحكية تميل إلى استخدام أسلوب أكثر عفوية وبساطة، مما يجعلها أكثر قربًا من الحياة اليومية.

### خلاصة:
تتميز العربية المحكية بتنوعها ومرونتها، مما يعكس الثقافة والتقاليد المحلية. بينما الفصحى تحتفظ بقواعد صارمة وصياغات معقدة، فإن اللهجات المحكية تعكس التغيرات والتطورات اللغوية التي تحدث في المجتمعات العربية.",0.000605,13.646,0.8168,0.8028
creat-001,creative,no_op,1.0,1.0,0.0,22,22,0.0,اكتب قصة قصيرة لا تتجاوز مئتي كلمة عن طفل يكتشف مكتبة قديمة في منزل جده، وتدور أحداثها حول الكتاب الأول الذي يقرأه.,اكتب قصة قصيرة لا تتجاوز مئتي كلمة عن طفل يكتشف مكتبة قديمة في منزل جده، وتدور أحداثها حول الكتاب الأول الذي يقرأه.,"في أحد الأيام المشمسة، قرر سامي زيارة منزل جده القديم. كان المنزل مليئًا بالذكريات، لكن ما لفت انتباهه هو باب خشبي صغير في الزاوية. دفع الباب برفق، ليكتشف مكتبة قديمة مليئة بالكتب المغبرة.

تجول سامي بين الرفوف، حتى وقع نظره على كتاب جلد أسود. كان عنوانه ""مغامرات الفارس الشجاع"". فتح الكتاب بحذر، وبدأ يقرأ. انتقل به النص إلى عوالم بعيدة، حيث كان الفارس يحارب التنين وينقذ الأميرة. شعر سامي وكأنه يعيش المغامرة بنفسه، يتسلق الجبال ويواجه المخاطر.

كل صفحة كانت تأخذه إلى مكان جديد، ومع كل كلمة، كان يتعلم عن الشجاعة والصداقة. عندما انتهى من القراءة، كان قلبه ينبض بالحماس. أدرك أن الكتب ليست مجرد أوراق، بل أبواب لعوالم جديدة.

عاد سامي إلى جده، عينيه تتلألأ بالفرح. ""جدي، هل يمكنني أخذ هذا الكتاب معي؟"" ابتسم الجد، وقال: ""بالطبع، يا بطل. كل كتاب يحمل مغامرة تنتظر من يكتشفها."" ومنذ ذلك اليوم، أصبح سامي زائرًا دائمًا لمكتبته القديمة، يبحث عن مغامرات جديدة.","في أحد الأيام المشمسة، قرر سامي زيارة منزل جده القديم. كان المنزل مليئًا بالذكريات، لكن ما لفت انتباهه هو باب خشبي صغير في الزاوية. دفع الباب برفق، ليكتشف مكتبة قديمة مليئة بالكتب المغبرة.

تجول سامي بين الرفوف، حتى وقع نظره على كتاب جلد أسود، عنوانه ""مغامرات في عالم الخيال"". فتح الكتاب بحذر، وبدأ يقرأ. كانت الصفحات مليئة بالرسوم الملونة والقصص المثيرة عن أبطال يواجهون تحديات في عوالم غريبة.

كلما تقدم في القراءة، شعر وكأنه ينغمس في تلك العوالم. تخيل نفسه فارسًا شجاعًا، يواجه تنينًا عظيمًا، أو ساحرًا يكتشف أسرار السحر. كانت الكلمات تنبض بالحياة، وكأنها تأخذه في رحلة لا تنتهي.

عندما انتهى من قراءة الكتاب، أغلقه ببطء، وهو يشعر بشيء جديد في قلبه. أدرك أن القراءة ليست مجرد كلمات، بل هي بوابة لعوالم جديدة. قرر أن يعود إلى المكتبة كل يوم، ليكتشف المزيد من المغامرات، ويعيش أحلامه من خلال الكتب.",0.000353,8.01,1.0,0.8322
creat-001,creative,random_deletion,0.5,0.5,0.5,22,11,0.0,اكتب قصة قصيرة لا تتجاوز مئتي كلمة عن طفل يكتشف مكتبة قديمة في منزل جده، وتدور أحداثها حول الكتاب الأول الذي يقرأه.,اكتب لا تتجاوز طفل يكتشف منزل جده، وتدور أحداثها حول الذي,"في أحد الأيام المشمسة، قرر سامي زيارة منزل جده القديم. كان المنزل مليئًا بالذكريات، لكن ما لفت انتباهه هو باب خشبي صغير في الزاوية. دفع الباب برفق، ليكتشف مكتبة قديمة مليئة بالكتب المغبرة.

تجول سامي بين الرفوف، حتى وقع نظره على كتاب جلد أسود. كان عنوانه ""مغامرات في عالم الخيال"". فتح الكتاب بحذر، وبدأ يقرأ. كل صفحة كانت تأخذه إلى عوالم جديدة، حيث التقى بأبطال شجعان ومخلوقات غريبة.

تخيل نفسه في مغامرات مثيرة، يواجه التنين وينقذ الأميرات. كانت الكلمات تنبض بالحياة في خياله، وكأنها تأخذه بعيدًا عن الواقع. لم يشعر بالوقت وهو غارق في القصة، حتى سمع صوت جده يناديه لتناول الغداء.

أغلق الكتاب ببطء، وهو يشعر بشغف جديد. أدرك أن هذا الكتاب لم يكن مجرد صفحات، بل بوابة لعالم من الإلهام. قرر أن يعود إلى المكتبة كلما سنحت له الفرصة، ليكتشف المزيد من الكنوز المخفية بين الكتب القديمة.","في أحد الأيام المشمسة، قرر الطفل سامي زيارة منزل جده الذي لم يزره منذ سنوات. كان المنزل قديمًا، محاطًا بأشجار كبيرة وحديقة مليئة بالأزهار الملونة. عندما وصل، شعر سامي بشيء غريب، كأن المنزل يخبئ أسرارًا كثيرة.

دخل سامي المنزل وبدأ يستكشف الغرف. كانت الجدران مغطاة بصور قديمة لجده وجده، وكان هناك رائحة عطرة من الخشب القديم. بينما كان يتجول، لاحظ بابًا صغيرًا في الزاوية. كان الباب مغلقًا بإحكام، لكن فضول سامي دفعه لمحاولة فتحه.

بعد عدة محاولات، تمكن من فتح الباب ودخل إلى غرفة مظلمة. كانت الغرفة مليئة بالأشياء القديمة: كتب، وألعاب، وصناديق مغلقة. وبينما كان يستعرض المحتويات، عثر على صندوق خشبي صغير. فتحه بحذر ليجد داخله مجموعة من الرسائل القديمة وصور لجده وهو شاب.

بدأ سامي يقرأ الرسائل، واكتشف أن جده كان مغامرًا، سافر إلى أماكن بعيدة وعاش تجارب مثيرة. كانت كل رسالة تحكي قصة جديدة، من رحلاته إلى الجبال إلى مغامراته في البحار. شعر سامي بالإلهام، وكأن جده يتحدث إليه من خلال تلك الكلمات.

بعد أن قضى ساعات في استكشاف الغرفة، قرر سامي أن يشارك هذه القصص مع عائلته. عاد إلى جده، الذي كان يجلس في الحديقة، وبدأ يحكي له عن ما اكتشفه. ابتسم الجد بفخر، وأخبر سامي أن كل جيل يحمل في داخله قصصًا يجب أن تُروى.

تلك الزيارة لم تكن مجرد اكتشاف لمنزل جده، بل كانت بداية رحلة جديدة في عالم القصص والمغامرات، حيث أدرك سامي أن كل عائلة تحمل تاريخًا غنيًا يستحق أن يُكتشف ويُحتفى به.",0.000425,8.172,0.819,0.736
creat-002,creative,no_op,1.0,1.0,0.0,14,14,0.0,اكتب أبياتًا شعرية قصيرة تصف غروب الشمس على ساحل البحر، بأسلوب يستحضر الهدوء والتأمل.,اكتب أبياتًا شعرية قصيرة تصف غروب الشمس على ساحل البحر، بأسلوب يستحضر الهدوء والتأمل.,"على ساحل البحر حيث الغروب يلوح  
تتراقص الألوان في الأفق، تبوح  
شمسٌ تتنحى، ببطءٍ تتوارى  
تسلم السماء لليل، في هدوءٍ تروح  

أمواجٌ تهمس بأسرارٍ قديمة  
تحتضن الرمال، في لحظةٍ رقيقة  
نسيمٌ يداعب الوجوه، يهمس  
بكلماتٍ من السكون، عذبةً وشفيفة  

تتلاشى الأضواء، وتغفو الأماني  
في حضن البحر، حيث تنسج الأزمان  
تتراقص الظلال، في سكونٍ عميق  
تسكن الروح، وتغمرها الألوان  ","على ساحل البحر حيث الغروب يلوح  
تتراقص الألوان في الأفق، تبوح  
شمسٌ تتنفس، تودع النهار  
بأحضان الموج، في سكونٍ ووقار  

تتلاشى الأضواء، وتغفو الأمواج  
تسرد الحكايات، في همسٍ واحتجاج  
نسيمٌ عابر، يحمل عبير الأمل  
يهمس في الأذن، بذكرياتٍ تكتمل  

تتراقص الظلال، على رمال الشاطئ  
تتأمل في الأفق، حيث يلتقي الفضاء  
غروبٌ هادئ، ينسج لحظات  
تسكن الروح، وتغمرها السعادة",0.00021,5.246,1.0,0.8339
creat-002,creative,random_deletion,0.5,0.5,0.5,14,7,0.0,اكتب أبياتًا شعرية قصيرة تصف غروب الشمس على ساحل البحر، بأسلوب يستحضر الهدوء والتأمل.,اكتب غروب ساحل البحر، بأسلوب يستحضر الهدوء,"على ساحل البحر حيث الغروب يلوح  
تتراقص الألوان في الأفق، تبوح  
شمسٌ تتنفس، تودع النهار  
بأحضان الموج، في سكونٍ ووقار  

تتلاشى الأضواء، وتغفو الأمواج  
تسرد الحكايات، في همسٍ واحتجاج  
الريح تعزف لحنًا من الذكريات  
تسافر الأرواح في فضاءٍ من الأمنيات  

أمواجٌ تتراقص، كأنها ترقص  
تحت سماءٍ ملونة، كأنها تعكس  
هدوء الليل يأتي، يحمل السكون  
في حضن البحر، حيث يلتقي الحلم باليقين  ","تتسلل أشعة الشمس الذهبية نحو الأفق، حيث يلتقي البحر بالسماء في لوحة فنية ساحرة. تتراقص الأمواج برفق، كأنها تهمس بأسرارها إلى الشاطئ، بينما تتناثر أصداف البحر على الرمال الناعمة، كأنها كنوز صغيرة تنتظر من يكتشفها.

تتلاشى الألوان تدريجياً، فيتحول الأزرق العميق إلى درجات دافئة من البرتقالي والوردي، وكأن السماء تتزين بأجمل حُللها. الهواء يحمل رائحة الملح، ويعانق الوجوه بنسيمه العليل، مما يبعث في النفس شعوراً بالسكينة والطمأنينة.

تتراقص ظلال النخيل على الرمال، وتنساب أصوات الطيور في الأفق، بينما يختفي ضوء الشمس ببطء، تاركاً وراءه بقايا من الدفء. في هذا المشهد الهادئ، يتوقف الزمن، وتغمر الروح في لحظات من الصفاء، حيث يمكن للمرء أن يتأمل جمال الطبيعة ويستشعر الهدوء الذي يحيط به.",0.00026,5.522,0.8599,0.7175
creat-003,creative,no_op,1.0,1.0,0.0,19,19,0.0,اكتب حوارًا قصيرًا بين معلم وطالب يناقشان فيه أهمية التعلم الذاتي في عصر الإنترنت، مع إبراز وجهتي نظر مختلفتين.,اكتب حوارًا قصيرًا بين معلم وطالب يناقشان فيه أهمية التعلم الذاتي في عصر الإنترنت، مع إبراز وجهتي نظر مختلفتين.,"**المعلم:** مرحبًا يا أحمد، كيف حالك اليوم؟

**الطالب:** مرحبًا أستاذ، أنا بخير. كنت أفكر في موضوع التعلم الذاتي في عصر الإنترنت. أعتقد أنه مهم جدًا.

**المعلم:** صحيح، التعلم الذاتي له فوائد عديدة. لكن هل تعتقد أنه يمكن أن يحل محل التعليم التقليدي؟

**الطالب:** أرى أن التعلم الذاتي يمكن أن يكون بديلاً جيدًا. الإنترنت يوفر لنا موارد لا حصر لها، ويمكننا التعلم في أي وقت ومن أي مكان.

**المعلم:** هذا صحيح، لكن هناك مخاطر أيضًا. فليس كل ما هو متاح على الإنترنت موثوق. التعليم التقليدي يوفر لنا توجيهًا من معلمين ذوي خبرة، وهذا يساعد في فهم المواد بشكل أعمق.

**الطالب:** لكنني أعتقد أن التعلم الذاتي يعزز من مهارات البحث والاستقلالية. يمكنني اختيار ما أريد تعلمه بناءً على اهتماماتي.

**المعلم:** هذا صحيح، لكن يجب أن نتذكر أن التعلم الذاتي يتطلب انضباطًا كبيرًا. بعض الطلاب قد يجدون صعوبة في تنظيم وقتهم أو البقاء متحمسين.

**الطالب:** ربما، لكنني أرى أن التعلم الذاتي يمكن أن يكون مكملًا جيدًا للتعليم التقليدي. يمكن للطلاب استخدام الإنترنت لتعزيز ما يتعلمونه في المدرسة.

**المعلم:** أتفق معك في ذلك. إذا تم استخدام التعلم الذاتي بشكل صحيح، يمكن أن يكون له تأثير إيجابي كبير. المهم هو تحقيق التوازن بين الطريقتين.

**الطالب:** بالضبط، وأعتقد أن هذا هو المستقبل. التعلم الذاتي سيساعدنا على التكيف مع التغيرات السريعة في العالم.

**المعلم:** جيد، أرى أنك تفكر بشكل نقدي. استمر في استكشاف هذا الموضوع، فهو مهم جدًا في عصرنا الحالي.","**المعلم:** مرحبًا يا أحمد، كيف حالك اليوم؟

**الطالب:** مرحبًا أستاذ، أنا بخير. كنت أفكر في موضوع التعلم الذاتي في عصر الإنترنت. أعتقد أنه مهم جدًا.

**المعلم:** صحيح، التعلم الذاتي له فوائد عديدة. لكن هل تعتقد أنه يمكن أن يحل محل التعليم التقليدي؟

**الطالب:** أرى أن التعلم الذاتي يمكن أن يكون بديلاً جيدًا. الإنترنت يوفر لنا موارد لا حصر لها، ويمكننا التعلم في أي وقت ومن أي مكان.

**المعلم:** هذا صحيح، لكن هناك بعض المهارات التي تحتاج إلى توجيه مباشر. المعلمون يمكنهم تقديم الدعم والتوجيه الذي قد لا تجده في المصادر عبر الإنترنت.

**الطالب:** لكن أحيانًا يكون المعلمون مشغولين، وقد لا يستطيعون تلبية احتياجات كل طالب. التعلم الذاتي يمنحنا الحرية لاختيار ما نريد تعلمه.

**المعلم:** الحرية مهمة، لكن يجب أن نكون حذرين من المعلومات الخاطئة. ليس كل ما هو متاح على الإنترنت موثوق. هنا يأتي دور المعلم في توجيه الطلاب نحو المصادر الصحيحة.

**الطالب:** أتفق معك، لكن يمكننا أيضًا تطوير مهارات البحث النقدي لدينا. التعلم الذاتي يعزز من قدرتنا على التفكير المستقل.

**المعلم:** بالتأكيد، التفكير المستقل مهم. لكن يجب أن نتذكر أن التعلم الذاتي والتعلم التقليدي يمكن أن يكملان بعضهما البعض. الجمع بينهما هو الأفضل.

**الطالب:** هذا صحيح، أعتقد أن التوازن بين الاثنين هو المفتاح لتحقيق أفضل نتائج في التعلم.

**المعلم:** بالضبط، وأنت على الطريق الصحيح في التفكير. استمر في استكشاف التعلم الذاتي، لكن لا تنسَ أهمية التوجيه والتفاعل مع المعلمين.",0.000488,10.741,1.0,0.8871
creat-003,creative,random_deletion,0.5,0.5263,0.4737,19,10,0.0,اكتب حوارًا قصيرًا بين معلم وطالب يناقشان فيه أهمية التعلم الذاتي في عصر الإنترنت، مع إبراز وجهتي نظر مختلفتين.,اكتب حوارًا قصيرًا وطالب أهمية التعلم عصر إبراز وجهتي مختلفتين.,"**المعلم:** مرحبًا يا أحمد، كيف حالك اليوم؟

**الطالب:** مرحبًا أستاذ، أنا بخير. كنت أفكر في موضوع التعلم الذاتي في عصر الإنترنت. أعتقد أنه مهم جدًا.

**المعلم:** صحيح، التعلم الذاتي له فوائد عديدة. لكن هل تعتقد أنه يمكن أن يحل محل التعليم التقليدي؟

**الطالب:** أرى أن التعلم الذاتي يمكن أن يكون بديلاً جيدًا. الإنترنت يوفر لنا موارد لا حصر لها، ويمكننا التعلم في أي وقت ومن أي مكان.

**المعلم:** هذا صحيح، لكن هناك مخاطر أيضًا. فالتعلم الذاتي قد يؤدي إلى عدم وجود توجيه مناسب، وقد يفتقر الطلاب إلى التفاعل الاجتماعي الذي يوفره التعليم التقليدي.

**الطالب:** لكن يمكننا الانضمام إلى مجتمعات عبر الإنترنت، والتفاعل مع الآخرين. كما أن التعلم الذاتي يعزز من مهارات البحث وحل المشكلات.

**المعلم:** لا شك أن هذه المهارات مهمة، لكنني أعتقد أن التعليم التقليدي يوفر هيكلًا يساعد الطلاب على تنظيم معلوماتهم وفهمها بشكل أفضل. كما أن المعلمين يمكنهم تقديم الدعم والتوجيه الشخصي.

**الطالب:** أوافقك الرأي، لكن يمكن أن ندمج بين الطريقتين. يمكننا استخدام التعلم الذاتي لتعزيز ما نتعلمه في المدرسة.

**المعلم:** فكرة جيدة، الجمع بين الطريقتين يمكن أن يحقق أفضل النتائج. المهم هو أن نكون واعين لكيفية استخدام الموارد المتاحة لنا بشكل فعال.

**الطالب:** بالضبط، التعلم الذاتي يمكن أن يكون أداة قوية إذا استخدمناها بشكل صحيح. شكراً لك، أستاذ!

**المعلم:** شكرًا لك، أحمد. استمر في التفكير في هذه المواضيع، فهي مهمة لمستقبلك.","**الحوار:**

**علي:** مرحبًا سارة! كيف حالك اليوم؟

**سارة:** مرحبًا علي! أنا بخير، شكرًا. كنت أفكر في أهمية التعلم في عصرنا الحالي. ماذا تعتقد؟

**علي:** أعتقد أن التعلم مهم جدًا، خاصة في ظل التقدم التكنولوجي السريع. المعرفة تفتح لنا أبوابًا جديدة وتساعدنا على التكيف مع التغيرات.

**سارة:** صحيح، لكنني أرى أن التعلم ليس فقط عن اكتساب المهارات التقنية. بل هو أيضًا عن تطوير التفكير النقدي والقدرة على التحليل. في عصر المعلومات، نحتاج إلى أن نكون قادرين على تقييم المصادر والمعلومات.

**علي:** هذا صحيح، لكنني أرى أن المهارات التقنية أصبحت ضرورية في سوق العمل. الشركات تبحث عن موظفين يمتلكون مهارات حديثة، مثل البرمجة وتحليل البيانات.

**سارة:** بالتأكيد، لكن لا يجب أن نغفل عن أهمية التعلم الذاتي والتفكير الإبداعي. هذه المهارات تساعدنا على الابتكار وحل المشكلات بطرق جديدة.

**علي:** أتفق معك، لذا يجب أن نوازن بين التعلم التقني والتفكير النقدي. كل منهما يكمل الآخر في عصرنا الحديث.

**سارة:** بالضبط! التعلم هو المفتاح لمواجهة التحديات وبناء مستقبل أفضل.",0.000419,10.942,0.8309,0.7951
creat-004,creative,no_op,1.0,1.0,0.0,14,14,0.0,صف مدينة قديمة في وقت الفجر، مستخدمًا الحواس الخمس لإحياء المشهد في ذهن القارئ.,صف مدينة قديمة في وقت الفجر، مستخدمًا الحواس الخمس لإحياء المشهد في ذهن القارئ.,"في وقت الفجر، تتجلى مدينة قديمة كأنها لوحة فنية تتنفس الحياة من جديد. تتسلل أشعة الشمس الذهبية عبر الأزقة الضيقة، لتضيء الحجر القديم الذي يروي قصص الزمن. الهواء يحمل رائحة الخبز الطازج الذي يُخبز في الأفران الصغيرة، مما يثير شهيتك ويشعرك بالدفء.

تستطيع أن تسمع صوت الطيور وهي تغرد في الأشجار، وكأنها تعزف لحن الفجر. يختلط هذا الصوت مع همسات الرياح التي تمر بين الجدران، حاملة معها عبق التاريخ. في زوايا المدينة، يمكنك أن تلتقط صوت خطوات المارة، حيث يخطو البعض بخفة، بينما يترك آخرون آثار أقدامهم الثقيلة على الأرضية الحجرية.

تتجلى الألوان في هذا المشهد، حيث تتناغم درجات الأزرق والبرتقالي في السماء، بينما تتباين الألوان الدافئة للجدران القديمة مع الأخضر الزاهي للنباتات التي تنمو بين الشقوق. كل زاوية تحمل تفاصيل دقيقة، من الأبواب الخشبية المنحوتة إلى النوافذ المزخرفة التي تعكس أشعة الشمس.

وعندما تقترب من السوق، تشعر بلمسة الحياة المتجددة. الباعة ينادون على بضائعهم، من التوابل العطرية إلى الفواكه الطازجة، وكل منها يحمل نكهة خاصة. يمكنك تذوق حلاوة التمر ومرارة القهوة، مما يضيف بعدًا آخر لتجربتك.

في هذا الوقت السحري، تشعر بأن المدينة ليست مجرد مكان، بل هي كائن حي ينبض بالتاريخ والثقافة، حيث تتداخل الأصوات والروائح والألوان لتخلق تجربة لا تُنسى.","في وقت الفجر، تتجلى مدينة قديمة كأنها لوحة فنية تتنفس الحياة من جديد. تتسلل أشعة الشمس الذهبية عبر الأزقة الضيقة، لتضيء الحجر القديم الذي يروي قصص الزمن. الهواء يحمل رائحة الخبز الطازج الذي يُخبز في الأفران الصغيرة، مما يثير شهيتك ويجعلك تشعر بالدفء والراحة.

تسمع أصوات الطيور وهي تغرد في الأشجار، وكأنها تعزف لحن الفجر، بينما يختلط صوت خطوات المارة مع همسات الرياح التي تمر بين الجدران. في زوايا المدينة، يمكنك أن تشم رائحة الأعشاب العطرية التي تُباع في الأسواق، مثل النعناع والزعتر، مما يضيف لمسة من الحيوية إلى المشهد.

تلمح في الأفق، ظلال البنايات القديمة التي تتعانق مع السماء الزرقاء، وتبدو كأنها تحكي حكايات الأجداد. تلمس أصابعك سطح الحجر البارد، وتشعر بملمسه الخشن الذي يحمل آثار الزمن. كل زاوية في المدينة تحمل قصة، وكل حجر يروي حكاية من الماضي.

مع اقتراب الشمس من الأفق، تتفتح الأبواب الخشبية القديمة، ويبدأ الباعة في إعداد محلاتهم، بينما يتجول الأطفال في الشوارع، ضاحكين ومبتهجين. المدينة تستيقظ ببطء، وكأنها تعيد إحياء ذكرياتها، لتستقبل يومًا جديدًا مليئًا بالأمل والحياة.",0.000444,9.422,1.0,0.8437
creat-004,creative,random_deletion,0.5,0.5,0.5,14,7,0.0,صف مدينة قديمة في وقت الفجر، مستخدمًا الحواس الخمس لإحياء المشهد في ذهن القارئ.,صف مدينة في مستخدمًا المشهد في القارئ.,"في وقت الفجر، تتجلى مدينة قديمة كأنها لوحة فنية تتنفس الحياة من جديد. تتسلل أشعة الشمس الذهبية عبر الأزقة الضيقة، لتضيء الحجر القديم الذي يروي قصص الزمن. الهواء يحمل رائحة الخبز الطازج الذي يُخبز في الأفران الصغيرة، مما يثير شهيتك ويجعلك تشعر بالدفء والراحة.

تستطيع أن تسمع أصوات الطيور وهي تغرد في الأشجار، وكأنها تعزف لحن الفجر. يختلط صوت خرير الماء من نافورة قديمة مع همسات الرياح التي تمر بين الجدران، مما يخلق سيمفونية طبيعية تأخذك بعيدًا في عالم من السكون والسكينة.

تلمس أصابعك سطح الحجر البارد، وتستشعر نسيج الأقمشة الملونة التي تُعرض في الأسواق الصغيرة. كل شيء هنا يحمل لمسة من التاريخ، وكأنك تسير في ممرات الزمن، حيث تتجلى آثار الأقدام القديمة على الأرض.

تتجول في السوق، وتلتقط عينيك الألوان الزاهية للفاكهة والخضروات، بينما تتلألأ قطرات الندى على أوراقها. تشعر بالانتعاش في كل نفس تأخذه، وكأن المدينة تستعد لاستقبال يوم جديد، مليء بالحياة والأمل.

في تلك اللحظات، تشعر بأنك جزء من هذا المكان، وأن كل حجر وكل زقاق يحمل في طياته حكاية تنتظر من يكتشفها. الفجر هنا ليس مجرد بداية يوم، بل هو بداية قصة جديدة تُكتب في صفحات التاريخ.","تتألق مدينة ""النهار"" تحت أشعة الشمس الذهبية، حيث تتناغم الألوان في لوحة فنية رائعة. الشوارع مرصوفة بالحجارة القديمة، وتحيط بها المباني ذات الطراز المعماري الفريد، التي تحمل في جدرانها قصصًا من الزمن الماضي. 

تتساقط أوراق الأشجار في الحدائق العامة، حيث يجلس الناس على المقاعد الخشبية، يتبادلون الأحاديث ويستمتعون بنسمات الهواء العليل. الأطفال يلعبون في المساحات الخضراء، وضحكاتهم تملأ الأجواء بالفرح.

في السوق الشعبي، تتعالى أصوات الباعة وهم ينادون على بضائعهم المتنوعة، من الفواكه الطازجة إلى الحرف اليدوية. الروائح الزكية تتداخل، من توابل غريبة إلى خبز طازج يخرج من الأفران. 

وعند غروب الشمس، تتلألأ الأضواء في الشوارع، وتبدأ الحياة الليلية في المدينة. المقاهي والمطاعم تكتظ بالزوار، والموسيقى تعزف في الخلفية، مما يخلق أجواءً من البهجة والحيوية.

إنها مدينة تعكس تنوع الثقافات، حيث يلتقي الماضي بالحاضر، وتبقى ذكرياتها محفورة في قلوب سكانها وزوارها على حد سواء.",0.000397,7.542,0.8606,0.7117
creat-005,creative,no_op,1.0,1.0,0.0,20,20,0.0,اكتب مقالًا قصيرًا تتأمل فيه معنى الصداقة في العصر الرقمي، وكيف تغيّرت طبيعة العلاقات الإنسانية مع انتشار وسائل التواصل الاجتماعي.,اكتب مقالًا قصيرًا تتأمل فيه معنى الصداقة في العصر الرقمي، وكيف تغيّرت طبيعة العلاقات الإنسانية مع انتشار وسائل التواصل الاجتماعي.,"**الصداقة في العصر الرقمي: تأملات في العلاقات الإنسانية**

تُعتبر الصداقة من أسمى العلاقات الإنسانية، حيث تمثل رابطًا عاطفيًا يجمع بين الأفراد، ويعزز من شعورهم بالانتماء والدعم المتبادل. ومع ظهور العصر الرقمي ووسائل التواصل الاجتماعي، شهدت طبيعة هذه العلاقات تغييرات جذرية، مما يستدعي منا التأمل في معاني الصداقة في هذا السياق الجديد.

في الماضي، كانت الصداقة تُبنى على اللقاءات المباشرة والتفاعل الشخصي. كان الأصدقاء يجتمعون في المقاهي، أو يتبادلون الزيارات، أو يقضون أوقاتًا ممتعة معًا. لكن اليوم، أصبح بإمكاننا التواصل مع الأصدقاء عبر شاشات هواتفنا، بغض النظر عن المسافات الجغرافية. تتيح لنا وسائل التواصل الاجتماعي مثل فيسبوك، إنستغرام، وتويتر البقاء على اتصال دائم، ومشاركة لحظات حياتنا اليومية، مما يعزز من شعور القرب رغم البعد.

ومع ذلك، فإن هذا التحول الرقمي يحمل في طياته تحديات جديدة. فقد أصبحت العلاقات أكثر سطحية، حيث يمكن أن يكون لدينا عدد كبير من ""الأصدقاء"" على الإنترنت، لكن القليل منهم قد يكونون فعلاً أصدقاء حقيقيين. تراجع التفاعل الشخصي قد يؤدي إلى فقدان العمق العاطفي في العلاقات، حيث تقتصر المحادثات على الرسائل النصية أو التعليقات السريعة، مما قد يحد من فهمنا الحقيقي لمشاعر الآخرين.

علاوة على ذلك، يمكن أن تؤدي وسائل التواصل الاجتماعي إلى مقارنات غير صحية، حيث نرى صورًا مثالية لحياة الآخرين، مما قد يسبب شعورًا بالقلق أو الاكتئاب. في بعض الأحيان، قد نشعر بأننا نعيش في عالم من العلاقات الزائفة، حيث يتم تقديم صورة مُصطنعة عن الحياة، مما يؤثر على كيفية تقييمنا لعلاقاتنا الشخصية.

ومع ذلك، لا يمكن إنكار الفوائد التي تقدمها هذه الوسائل. فهي تتيح لنا الفرصة للتواصل مع أصدقاء قدامى، وتكوين صداقات جديدة مع أشخاص من ثقافات مختلفة. كما يمكن أن تكون وسيلة لدعم الأصدقاء في الأوقات الصعبة، حيث يمكننا تقديم الدعم العاطفي من خلال الرسائل أو المكالمات.

في الختام، يمكن القول إن الصدا","**الصداقة في العصر الرقمي: تأملات في العلاقات الإنسانية**

تُعتبر الصداقة من أسمى العلاقات الإنسانية، حيث تمثل رابطًا عاطفيًا قويًا بين الأفراد، يعزز من شعور الانتماء والدعم المتبادل. ومع ظهور العصر الرقمي ووسائل التواصل الاجتماعي، شهدت طبيعة هذه العلاقات تغييرات جذرية، مما يستدعي منا التأمل في معاني الصداقة في هذا السياق الجديد.

في الماضي، كانت الصداقة تُبنى على اللقاءات المباشرة والتفاعل الشخصي. كانت اللحظات المشتركة، مثل الخروج مع الأصدقاء أو قضاء الوقت في الأنشطة الاجتماعية، تشكل أساس العلاقة. لكن اليوم، أصبح بإمكاننا التواصل مع الأصدقاء عبر الشاشات، سواء من خلال الرسائل النصية أو المكالمات الصوتية أو حتى الفيديو. هذا التحول أتاح لنا فرصة التواصل مع أصدقاء من مختلف أنحاء العالم، مما وسع دائرة معارفنا وأعطى بُعدًا جديدًا للصداقة.

ومع ذلك، فإن هذا التغيير يحمل في طياته تحديات جديدة. فبينما يمكن أن تكون وسائل التواصل الاجتماعي وسيلة لتعزيز الروابط، فإنها قد تؤدي أيضًا إلى شعور بالعزلة. فالكثير من الأشخاص يجدون أنفسهم محاطين بالعديد من ""الأصدقاء"" على الإنترنت، لكنهم يفتقرون إلى العلاقات العميقة التي تُبنى على الثقة والاحترام المتبادل. كما أن التفاعل الافتراضي قد يُقلل من قيمة اللحظات الحقيقية، حيث يمكن أن تُصبح الصداقة مجرد تبادل للرسائل والصور، دون عمق أو تواصل حقيقي.

علاوة على ذلك، تساهم وسائل التواصل الاجتماعي في خلق بيئة من المقارنات الاجتماعية، حيث يُمكن أن يشعر الأفراد بالضغط لتقديم صورة مثالية عن حياتهم. هذا الأمر قد يؤثر سلبًا على العلاقات، حيث يمكن أن يؤدي إلى مشاعر الغيرة أو عدم الرضا عن الذات، مما ينعكس على كيفية تفاعل الأفراد مع أصدقائهم.

في الختام، يمكن القول إن الصداقة في العصر الرقمي تحمل في طياتها إمكانيات هائلة، لكنها تتطلب منا وعيًا أكبر بكيفية استخدامها. يجب أن نسعى للحفاظ على العلاقات العميقة والواقعية، وأن نكون حذرين من الانغماس في العالم الافتراضي على حساب الروابط الإنسانية الحقيقية.",0.000627,13.7,1.0,0.8647
creat-005,creative,random_deletion,0.5,0.5,0.5,20,10,0.0,اكتب مقالًا قصيرًا تتأمل فيه معنى الصداقة في العصر الرقمي، وكيف تغيّرت طبيعة العلاقات الإنسانية مع انتشار وسائل التواصل الاجتماعي.,قصيرًا تتأمل فيه معنى وكيف العلاقات الإنسانية مع انتشار الاجتماعي.,"**الصداقة في العصر الرقمي: تأملات في العلاقات الإنسانية**

تُعتبر الصداقة من أسمى العلاقات الإنسانية، حيث تمثل رابطًا عاطفيًا قويًا بين الأفراد، يعزز من شعور الانتماء والدعم المتبادل. ومع ظهور العصر الرقمي ووسائل التواصل الاجتماعي، شهدت طبيعة هذه العلاقات تغييرات جذرية، مما يستدعي منا التأمل في معاني الصداقة في هذا السياق الجديد.

في الماضي، كانت الصداقة تُبنى على اللقاءات المباشرة والتفاعل الشخصي. كانت اللحظات المشتركة، مثل الخروج مع الأصدقاء أو قضاء الوقت في الأنشطة الاجتماعية، تشكل أساس العلاقة. لكن اليوم، أصبح بإمكاننا التواصل مع الأصدقاء عبر الشاشات، سواء من خلال الرسائل النصية أو المكالمات المرئية أو حتى التعليقات على المنشورات. هذا التحول أتاح لنا فرصة التواصل مع أصدقاء من مختلف أنحاء العالم، مما وسع دائرة معارفنا وأغنى تجاربنا.

ومع ذلك، فإن هذا التغيير يحمل في طياته تحديات جديدة. فبينما يمكن أن تكون وسائل التواصل الاجتماعي وسيلة لتعزيز الروابط، فإنها قد تؤدي أيضًا إلى شعور بالعزلة. فالكثير من الأشخاص يجدون أنفسهم محاطين بالعديد من ""الأصدقاء"" الافتراضيين، لكنهم يفتقرون إلى العمق العاطفي الذي توفره الصداقات الحقيقية. كما أن الانشغال بالظهور المثالي على هذه المنصات قد يخلق ضغطًا اجتماعيًا، حيث يسعى الأفراد إلى تقديم صورة مثالية عن حياتهم، مما قد يؤدي إلى مشاعر القلق وعدم الرضا.

علاوة على ذلك، فإن التواصل الرقمي قد يفتقر إلى بعض العناصر الأساسية التي تجعل الصداقة قوية، مثل التعاطف والاهتمام الحقيقي. فالكلمات المكتوبة قد تُفسر بطرق مختلفة، وقد تُفقد بعض المشاعر في غياب التواصل غير اللفظي. لذا، من المهم أن نعيد تقييم كيفية بناء صداقاتنا في هذا العصر، وأن نسعى للحفاظ على التوازن بين التواصل الرقمي والتفاعل الشخصي.

في الختام، يمكن القول إن الصداقة في العصر الرقمي تحمل في طياتها إمكانيات هائلة، لكنها تتطلب منا وعيًا أكبر بكيفية استخدامها. يجب أن نكون حذرين في كيفية بناء علاقاتنا، وأن نسعى للحفاظ على","تعتبر العلاقات الإنسانية من أهم جوانب الحياة، حيث تشكل الروابط بين الأفراد أساسًا للتواصل والتفاعل الاجتماعي. مع انتشار وسائل التواصل الاجتماعي، تغيرت هذه العلاقات بشكل كبير. 

من جهة، وفرت هذه الوسائل فرصًا جديدة للتواصل، حيث يمكن للأشخاص البقاء على اتصال مع الأصدقاء والعائلة بغض النظر عن المسافات. كما ساهمت في توسيع دائرة المعارف، مما أتاح للأفراد التعرف على ثقافات وأفكار جديدة.

من جهة أخرى، قد تؤدي وسائل التواصل الاجتماعي إلى تآكل العلاقات الحقيقية. فالكثير من التفاعلات أصبحت سطحية، حيث يفضل البعض التفاعل عبر الشاشات بدلاً من اللقاءات المباشرة. كما يمكن أن تساهم في الشعور بالوحدة، حيث قد يشعر الأفراد بأنهم محاطون بالناس ولكنهم في الحقيقة يفتقرون إلى الروابط العميقة.

في النهاية، يمكن القول إن وسائل التواصل الاجتماعي لها تأثير مزدوج على العلاقات الإنسانية. فهي توفر فرصًا جديدة للتواصل، لكنها تتطلب وعيًا وحرصًا للحفاظ على العلاقات الحقيقية والعميقة.",0.000457,10.164,0.804,0.7227
